,Dates,MinTemp,MaxTemp
0,2010-01-01,13,19
1,2010-01-02,9,13
2,2010-01-03,12,20
3,2010-01-04,15,23
4,2010-01-05,20,25
5,2010-01-06,18,26
6,2010-01-07,20,24
7,2010-01-08,22,28
8,2010-01-09,16,22
9,2010-01-10,3,26
10,2010-01-11,21,24
11,2010-01-12,24,31
12,2010-01-13,20,42
13,2010-01-14,34,38
14,2010-01-15,27,34
15,2010-01-16,25,35
16,2010-01-17,32,43
17,2010-01-18,27,34
18,2010-01-19,24,37
19,2010-01-20,29,35
20,2010-01-21,32,38
21,2010-01-22,32,35
22,2010-01-23,37,47
23,2010-01-24,47,55
24,2010-01-25,28,35
25,2010-01-26,22,28
26,2010-01-27,16,24
27,2010-01-28,11,13
28,2010-01-29,10,22
29,2010-01-30,19,26
30,2010-01-31,32,32
31,2010-02-01,20,33
32,2010-02-02,30,37
33,2010-02-03,26,29
34,2010-02-04,28,35
35,2010-02-05,33,39
36,2010-02-06,27,31
37,2010-02-07,23,29
38,2010-02-08,23,29
39,2010-02-09,27,34
40,2010-02-10,26,28
41,2010-02-11,20,28
42,2010-02-12,17,33
43,2010-02-13,15,29
44,2010-02-14,15,32
45,2010-02-15,22,29
46,2010-02-16,27,31
47,2010-02-17,26,32
48,2010-02-18,29,36
49,2010-02-19,24,36
50,2010-02-20,32,38
51,2010-02-21,34,39
52,2010-02-22,33,36
53,2010-02-23,29,35
54,2010-02-24,24,29
55,2010-02-25,26,32
56,2010-02-26,21,34
57,2010-02-27,31,34
58,2010-02-28,32,32
59,2010-03-01,32,35
60,2010-03-02,31,35
61,2010-03-03,31,36
62,2010-03-04,30,37
63,2010-03-05,30,36
64,2010-03-06,29,49
65,2010-03-07,29,47
66,2010-03-08,33,50
67,2010-03-09,36,52
68,2010-03-10,45,57
69,2010-03-11,49,55
70,2010-03-12,42,50
71,2010-03-13,42,47
72,2010-03-14,39,40
73,2010-03-15,38,42
74,2010-03-16,37,52
75,2010-03-17,37,57
76,2010-03-18,39,58
77,2010-03-19,43,55
78,2010-03-20,32,34
79,2010-03-21,35,42
80,2010-03-22,38,46
81,2010-03-23,36,52
82,2010-03-24,41,47
83,2010-03-25,32,44
84,2010-03-26,29,37
85,2010-03-27,32,51
86,2010-03-28,40,46
87,2010-03-29,35,41
88,2010-03-30,34,56
89,2010-03-31,32,32
90,2010-04-01,50,70
91,2010-04-02,53,68
92,2010-04-03,47,51
93,2010-04-04,42,62
94,2010-04-05,46,61
95,2010-04-06,52,69
96,2010-04-07,43,49
97,2010-04-08,37,43
98,2010-04-09,36,47
99,2010-04-10,41,63
100,2010-04-11,44,53
101,2010-04-12,46,59
102,2010-04-13,46,56
103,2010-04-14,46,68
104,2010-04-15,52,72
105,2010-04-16,51,57
106,2010-04-17,42,49
107,2010-04-18,40,46
108,2010-04-19,38,52
109,2010-04-20,43,61
110,2010-04-21,45,55
111,2010-04-22,40,53
112,2010-04-23,45,54
113,2010-04-24,51,60
114,2010-04-25,47,55
115,2010-04-26,44,49
116,2010-04-27,39,44
117,2010-04-28,44,58
118,2010-04-29,44,62
119,2010-04-30,50,61
120,2010-05-01,56,66
121,2010-05-02,48,60
122,2010-05-03,49,60
123,2010-05-04,47,69
124,2010-05-05,50,65
125,2010-05-06,46,52
126,2010-05-07,44,66
127,2010-05-08,43,49
128,2010-05-09,41,51
129,2010-05-10,40,58
130,2010-05-11,46,54
131,2010-05-12,44,50
132,2010-05-13,54,72
133,2010-05-14,48,58
134,2010-05-15,49,56
135,2010-05-16,46,61
136,2010-05-17,48,54
137,2010-05-18,48,55
138,2010-05-19,51,61
139,2010-05-20,53,64
140,2010-05-21,55,64
141,2010-05-22,53,66
142,2010-05-23,57,76
143,2010-05-24,59,74
144,2010-05-25,60,75
145,2010-05-26,63,80
146,2010-05-27,59,67
147,2010-05-28,52,68
148,2010-05-29,59,75
149,2010-05-30,60,80
150,2010-05-31,32,32
151,2010-06-01,58,77
152,2010-06-02,69,73
153,2010-06-03,54,66
154,2010-06-04,56,79
155,2010-06-05,65,73
156,2010-06-06,56,62
157,2010-06-07,55,65
158,2010-06-08,59,68
159,2010-06-09,64,74
160,2010-06-10,60,72
161,2010-06-11,64,81
162,2010-06-12,70,73
163,2010-06-13,58,71
164,2010-06-14,63,70
165,2010-06-15,61,75
166,2010-06-16,62,71
167,2010-06-17,63,79
168,2010-06-18,66,84
169,2010-06-19,69,78
170,2010-06-20,65,74
171,2010-06-21,64,81
172,2010-06-22,68,84
173,2010-06-23,70,84
174,2010-06-24,66,73
175,2010-06-25,63,82
176,2010-06-26,68,83
177,2010-06-27,72,80
178,2010-06-28,68,76
179,2010-06-29,62,70
180,2010-06-30,32,32
181,2010-07-01,60,75
182,2010-07-02,60,80
183,2010-07-03,59,84
184,2010-07-04,66,86
185,2010-07-05,71,83
186,2010-07-06,75,82
187,2010-07-07,70,86
188,2010-07-08,73,81
189,2010-07-09,70,80
190,2010-07-10,67,85
191,2010-07-11,67,84
192,2010-07-12,68,80
193,2010-07-13,71,78
194,2010-07-14,70,87
195,2010-07-15,74,87
196,2010-07-16,67,87
197,2010-07-17,68,88
198,2010-07-18,71,87
199,2010-07-19,70,83
200,2010-07-20,69,81
201,2010-07-21,73,88
202,2010-07-22,70,85
203,2010-07-23,79,90
204,2010-07-24,74,87
205,2010-07-25,71,79
206,2010-07-26,66,85
207,2010-07-27,68,88
208,2010-07-28,73,88
209,2010-07-29,72,78
210,2010-07-30,65,81
211,2010-07-31,32,32
212,2010-08-01,70,83
213,2010-08-02,67,85
214,2010-08-03,70,85
215,2010-08-04,75,84
216,2010-08-05,70,84
217,2010-08-06,65,81
218,2010-08-07,64,85
219,2010-08-08,67,89
220,2010-08-09,71,85
221,2010-08-10,75,85
222,2010-08-11,75,88
223,2010-08-12,74,89
224,2010-08-13,71,90
225,2010-08-14,73,84
226,2010-08-15,72,84
227,2010-08-16,63,80
228,2010-08-17,67,82
229,2010-08-18,67,82
230,2010-08-19,66,87
231,2010-08-20,72,89
232,2010-08-21,69,80
233,2010-08-22,69,77
234,2010-08-23,69,77
235,2010-08-24,67,84
236,2010-08-25,64,76
237,2010-08-26,62,82
238,2010-08-27,59,83
239,2010-08-28,62,85
240,2010-08-29,70,86
241,2010-08-30,69,87
242,2010-08-31,32,32
243,2010-09-01,73,82
244,2010-09-02,71,81
245,2010-09-03,60,71
246,2010-09-04,53,67
247,2010-09-05,52,76
248,2010-09-06,65,82
249,2010-09-07,63,76
250,2010-09-08,54,70
251,2010-09-09,56,69
252,2010-09-10,54,75
253,2010-09-11,58,73
254,2010-09-12,58,78
255,2010-09-13,60,79
256,2010-09-14,59,72
257,2010-09-15,56,80
258,2010-09-16,61,70
259,2010-09-17,56,69
260,2010-09-18,60,70
261,2010-09-19,59,65
262,2010-09-20,60,77
263,2010-09-21,65,86
264,2010-09-22,64,71
265,2010-09-23,64,85
266,2010-09-24,63,66
267,2010-09-25,52,62
268,2010-09-26,53,58
269,2010-09-27,48,70
270,2010-09-28,53,69
271,2010-09-29,53,74
272,2010-09-30,54,67
273,2010-10-01,52,71
274,2010-10-02,53,54
275,2010-10-03,48,63
276,2010-10-04,44,58
277,2010-10-05,46,71
278,2010-10-06,45,74
279,2010-10-07,50,69
280,2010-10-08,53,76
281,2010-10-09,56,78
282,2010-10-10,57,80
283,2010-10-11,59,75
284,2010-10-12,56,70
285,2010-10-13,55,62
286,2010-10-14,47,69
287,2010-10-15,51,55
288,2010-10-16,47,70
289,2010-10-17,52,60
290,2010-10-18,49,58
291,2010-10-19,46,62
292,2010-10-20,46,68
293,2010-10-21,46,54
294,2010-10-22,44,64
295,2010-10-23,56,65
296,2010-10-24,55,71
297,2010-10-25,55,71
298,2010-10-26,56,69
299,2010-10-27,51,61
300,2010-10-28,38,45
301,2010-10-29,33,54
302,2010-10-30,40,61
303,2010-10-31,44,48
304,2010-11-01,43,52
305,2010-11-02,41,50
306,2010-11-03,39,55
307,2010-11-04,40,50
308,2010-11-05,37,41
309,2010-11-06,34,45
310,2010-11-07,36,59
311,2010-11-08,43,64
312,2010-11-09,45,65
313,2010-11-10,47,66
314,2010-11-11,50,69
315,2010-11-12,52,59
316,2010-11-13,52,62
317,2010-11-14,37,48
318,2010-11-15,37,54
319,2010-11-16,40,49
320,2010-11-17,40,48
321,2010-11-18,37,43
322,2010-11-19,33,49
323,2010-11-20,39,45
324,2010-11-21,42,59
325,2010-11-22,57,67
326,2010-11-23,29,34
327,2010-11-24,34,36
328,2010-11-25,36,39
329,2010-11-26,23,34
330,2010-11-27,24,33
331,2010-11-28,30,39
332,2010-11-29,36,51
333,2010-11-30,32,32
334,2010-12-01,26,31
335,2010-12-02,24,31
336,2010-12-03,26,33
337,2010-12-04,31,35
338,2010-12-05,25,27
339,2010-12-06,17,25
340,2010-12-07,18,22
341,2010-12-08,15,25
342,2010-12-09,16,33
343,2010-12-10,30,37
344,2010-12-11,37,46
345,2010-12-12,24,33
346,2010-12-13,17,22
347,2010-12-14,15,23
348,2010-12-15,11,28
349,2010-12-16,23,30
350,2010-12-17,19,26
351,2010-12-18,19,25
352,2010-12-19,18,24
353,2010-12-20,18,31
354,2010-12-21,29,35
355,2010-12-22,23,28
356,2010-12-23,26,33
357,2010-12-24,27,36
358,2010-12-25,30,33
359,2010-12-26,28,32
360,2010-12-27,19,21
361,2010-12-28,16,34
362,2010-12-29,23,40
363,2010-12-30,37,45
364,2010-12-31,30,37
365,2011-01-01,23,29
366,2011-01-02,17,24
367,2011-01-03,22,28
368,2011-01-04,23,26
369,2011-01-05,17,29
370,2011-01-06,22,25
371,2011-01-07,18,21
372,2011-01-08,16,19
373,2011-01-09,14,27
374,2011-01-10,23,29
375,2011-01-11,25,26
376,2011-01-12,24,27
377,2011-01-13,15,23
378,2011-01-14,17,26
379,2011-01-15,23,25
380,2011-01-16,16,24
381,2011-01-17,18,32
382,2011-01-18,30,32
383,2011-01-19,22,25
384,2011-01-20,23,28
385,2011-01-21,3,10
386,2011-01-22,13,22
387,2011-01-23,7,20
388,2011-01-24,18,30
389,2011-01-25,23,28
390,2011-01-26,24,27
391,2011-01-27,20,27
392,2011-01-28,22,29
393,2011-01-29,28,32
394,2011-01-30,23,28
395,2011-01-31,24,28
396,2011-02-01,15,23
397,2011-02-02,14,14
398,2011-02-03,1,20
399,2011-02-04,6,32
400,2011-02-05,12,34
401,2011-02-06,24,31
402,2011-02-07,24,32
403,2011-02-08,8,16
404,2011-02-09,4,15
405,2011-02-10,-3,20
406,2011-02-11,14,28
407,2011-02-12,28,35
408,2011-02-13,35,46
409,2011-02-14,32,32
410,2011-02-15,28,39
411,2011-02-16,35,43
412,2011-02-17,44,56
413,2011-02-18,33,43
414,2011-02-19,27,32
415,2011-02-20,31,34
416,2011-02-21,31,31
417,2011-02-22,24,26
418,2011-02-23,25,31
419,2011-02-24,30,35
420,2011-02-25,30,31
421,2011-02-26,27,29
422,2011-02-27,30,36
423,2011-02-28,28,29
424,2011-03-01,28,42
425,2011-03-02,25,28
426,2011-03-03,29,37
427,2011-03-04,35,47
428,2011-03-05,33,35
429,2011-03-06,27,28
430,2011-03-07,29,36
431,2011-03-08,33,44
432,2011-03-09,37,40
433,2011-03-10,31,35
434,2011-03-11,30,49
435,2011-03-12,34,46
436,2011-03-13,28,37
437,2011-03-14,32,41
438,2011-03-15,33,36
439,2011-03-16,37,59
440,2011-03-17,44,64
441,2011-03-18,39,47
442,2011-03-19,33,42
443,2011-03-20,39,46
444,2011-03-21,47,56
445,2011-03-22,35,39
446,2011-03-23,39,46
447,2011-03-24,29,31
448,2011-03-25,28,31
449,2011-03-26,28,29
450,2011-03-27,27,31
451,2011-03-28,28,30
452,2011-03-29,31,37
453,2011-03-30,34,40
454,2011-03-31,34,44
455,2011-04-01,36,42
456,2011-04-02,33,49
457,2011-04-03,40,52
458,2011-04-04,45,54
459,2011-04-05,33,52
460,2011-04-06,42,55
461,2011-04-07,38,49
462,2011-04-08,40,42
463,2011-04-09,41,49
464,2011-04-10,58,68
465,2011-04-11,46,62
466,2011-04-12,41,52
467,2011-04-13,42,62
468,2011-04-14,40,47
469,2011-04-15,38,51
470,2011-04-16,39,51
471,2011-04-17,34,52
472,2011-04-18,34,38
473,2011-04-19,38,40
474,2011-04-20,35,46
475,2011-04-21,39,47
476,2011-04-22,35,42
477,2011-04-23,47,62
478,2011-04-24,46,55
479,2011-04-25,43,48
480,2011-04-26,49,66
481,2011-04-27,45,55
482,2011-04-28,40,45
483,2011-04-29,40,62
484,2011-04-30,48,66
485,2011-05-01,54,63
486,2011-05-02,45,60
487,2011-05-03,41,47
488,2011-05-04,39,58
489,2011-05-05,44,63
490,2011-05-06,45,67
491,2011-05-07,50,56
492,2011-05-08,49,60
493,2011-05-09,52,70
494,2011-05-10,59,79
495,2011-05-11,65,85
496,2011-05-12,62,81
497,2011-05-13,57,76
498,2011-05-14,46,51
499,2011-05-15,44,48
500,2011-05-16,41,50
501,2011-05-17,47,57
502,2011-05-18,48,52
503,2011-05-19,49,66
504,2011-05-20,56,66
505,2011-05-21,62,78
506,2011-05-22,61,81
507,2011-05-23,63,79
508,2011-05-24,48,53
509,2011-05-25,52,68
510,2011-05-26,41,49
511,2011-05-27,46,56
512,2011-05-28,55,74
513,2011-05-29,54,63
514,2011-05-30,65,88
515,2011-05-31,71,88
516,2011-06-01,58,78
517,2011-06-02,51,63
518,2011-06-03,61,84
519,2011-06-04,74,91
520,2011-06-05,69,88
521,2011-06-06,68,89
522,2011-06-07,75,94
523,2011-06-08,76,93
524,2011-06-09,56,59
525,2011-06-10,58,82
526,2011-06-11,56,63
527,2011-06-12,57,65
528,2011-06-13,57,69
529,2011-06-14,63,73
530,2011-06-15,58,63
531,2011-06-16,57,78
532,2011-06-17,67,80
533,2011-06-18,62,68
534,2011-06-19,66,82
535,2011-06-20,67,76
536,2011-06-21,71,84
537,2011-06-22,65,75
538,2011-06-23,62,67
539,2011-06-24,58,65
540,2011-06-25,65,76
541,2011-06-26,63,69
542,2011-06-27,64,82
543,2011-06-28,65,80
544,2011-06-29,68,77
545,2011-06-30,68,82
546,2011-07-01,71,91
547,2011-07-02,78,93
548,2011-07-03,69,79
549,2011-07-04,69,80
550,2011-07-05,70,86
551,2011-07-06,76,84
552,2011-07-07,70,80
553,2011-07-08,69,79
554,2011-07-09,71,86
555,2011-07-10,76,88
556,2011-07-11,73,89
557,2011-07-12,74,83
558,2011-07-13,67,70
559,2011-07-14,67,76
560,2011-07-15,71,82
561,2011-07-16,74,87
562,2011-07-17,78,93
563,2011-07-18,76,89
564,2011-07-19,75,83
565,2011-07-20,78,98
566,2011-07-21,82,97
567,2011-07-22,76,92
568,2011-07-23,83,94
569,2011-07-24,76,84
570,2011-07-25,73,83
571,2011-07-26,73,83
572,2011-07-27,72,90
573,2011-07-28,78,88
574,2011-07-29,76,83
575,2011-07-30,76,87
576,2011-07-31,76,91
577,2011-08-01,80,93
578,2011-08-02,79,93
579,2011-08-03,75,79
580,2011-08-04,73,80
581,2011-08-05,75,82
582,2011-08-06,76,80
583,2011-08-07,76,88
584,2011-08-08,73,76
585,2011-08-09,71,86
586,2011-08-10,65,75
587,2011-08-11,67,82
588,2011-08-12,69,82
589,2011-08-13,69,79
590,2011-08-14,65,76
591,2011-08-15,67,78
592,2011-08-16,68,82
593,2011-08-17,68,78
594,2011-08-18,73,82
595,2011-08-19,70,80
596,2011-08-20,74,77
597,2011-08-21,70,80
598,2011-08-22,70,79
599,2011-08-23,66,86
600,2011-08-24,73,95
601,2011-08-25,67,76
602,2011-08-26,69,82
603,2011-08-27,71,80
604,2011-08-28,69,74
605,2011-08-29,68,78
606,2011-08-30,65,78
607,2011-08-31,68,86
608,2011-09-01,74,91
609,2011-09-02,76,95
610,2011-09-03,77,89
611,2011-09-04,63,73
612,2011-09-05,58,64
613,2011-09-06,61,67
614,2011-09-07,64,69
615,2011-09-08,67,72
616,2011-09-09,67,71
617,2011-09-10,68,75
618,2011-09-11,66,80
619,2011-09-12,67,86
620,2011-09-13,61,71
621,2011-09-14,61,68
622,2011-09-15,50,59
623,2011-09-16,52,61
624,2011-09-17,57,68
625,2011-09-18,57,65
626,2011-09-19,63,73
627,2011-09-20,58,74
628,2011-09-21,60,71
629,2011-09-22,51,63
630,2011-09-23,56,60
631,2011-09-24,56,62
632,2011-09-25,58,63
633,2011-09-26,57,64
634,2011-09-27,56,60
635,2011-09-28,58,62
636,2011-09-29,54,71
637,2011-09-30,49,58
638,2011-10-01,50,54
639,2011-10-02,49,62
640,2011-10-03,55,65
641,2011-10-04,55,71
642,2011-10-05,58,76
643,2011-10-06,60,76
644,2011-10-07,60,81
645,2011-10-08,61,80
646,2011-10-09,60,76
647,2011-10-10,59,75
648,2011-10-11,60,76
649,2011-10-12,59,74
650,2011-10-13,60,65
651,2011-10-14,50,60
652,2011-10-15,47,61
653,2011-10-16,48,57
654,2011-10-17,43,59
655,2011-10-18,44,54
656,2011-10-19,51,52
657,2011-10-20,46,50
658,2011-10-21,39,56
659,2011-10-22,42,64
660,2011-10-23,45,65
661,2011-10-24,51,63
662,2011-10-25,48,70
663,2011-10-26,49,50
664,2011-10-27,46,52
665,2011-10-28,42,55
666,2011-10-29,38,53
667,2011-10-30,43,57
668,2011-10-31,40,54
669,2011-11-01,40,60
670,2011-11-02,49,64
671,2011-11-03,46,51
672,2011-11-04,46,50
673,2011-11-05,40,56
674,2011-11-06,45,60
675,2011-11-07,52,59
676,2011-11-08,47,56
677,2011-11-09,41,65
678,2011-11-10,36,38
679,2011-11-11,32,48
680,2011-11-12,36,59
681,2011-11-13,48,59
682,2011-11-14,43,52
683,2011-11-15,38,62
684,2011-11-16,35,41
685,2011-11-17,30,38
686,2011-11-18,33,47
687,2011-11-19,38,49
688,2011-11-20,41,44
689,2011-11-21,41,44
690,2011-11-22,43,46
691,2011-11-23,41,46
692,2011-11-24,41,53
693,2011-11-25,40,58
694,2011-11-26,48,54
695,2011-11-27,40,43
696,2011-11-28,38,40
697,2011-11-29,42,43
698,2011-11-30,32,38
699,2011-12-01,32,47
700,2011-12-02,37,42
701,2011-12-03,39,48
702,2011-12-04,43,47
703,2011-12-05,36,41
704,2011-12-06,35,38
705,2011-12-07,30,36
706,2011-12-08,26,35
707,2011-12-09,25,29
708,2011-12-10,19,26
709,2011-12-11,25,34
710,2011-12-12,29,36
711,2011-12-13,34,44
712,2011-12-14,37,49
713,2011-12-15,41,51
714,2011-12-16,29,36
715,2011-12-17,37,40
716,2011-12-18,30,38
717,2011-12-19,38,46
718,2011-12-20,35,38
719,2011-12-21,40,44
720,2011-12-22,33,39
721,2011-12-23,32,37
722,2011-12-24,28,37
723,2011-12-25,32,42
724,2011-12-26,31,41
725,2011-12-27,35,40
726,2011-12-28,26,33
727,2011-12-29,33,44
728,2011-12-30,37,42
729,2011-12-31,30,43
730,2012-01-01,32,39
731,2012-01-02,21,23
732,2012-01-03,15,26
733,2012-01-04,28,35
734,2012-01-05,30,42
735,2012-01-06,34,47
736,2012-01-07,33,42
737,2012-01-08,30,40
738,2012-01-09,32,44
739,2012-01-10,31,44
740,2012-01-11,33,42
741,2012-01-12,29,35
742,2012-01-13,17,23
743,2012-01-14,11,19
744,2012-01-15,12,28
745,2012-01-16,28,36
746,2012-01-17,31,38
747,2012-01-18,12,26
748,2012-01-19,14,27
749,2012-01-20,13,21
750,2012-01-21,22,26
751,2012-01-22,21,32
752,2012-01-23,32,41
753,2012-01-24,25,28
754,2012-01-25,27,33
755,2012-01-26,30,38
756,2012-01-27,30,37
757,2012-01-28,29,36
758,2012-01-29,29,31
759,2012-01-30,26,38
760,2012-01-31,37,50
761,2012-02-01,31,40
762,2012-02-02,30,44
763,2012-02-03,32,35
764,2012-02-04,35,38
765,2012-02-05,30,35
766,2012-02-06,31,41
767,2012-02-07,32,34
768,2012-02-08,30,35
769,2012-02-09,26,35
770,2012-02-10,26,33
771,2012-02-11,15,19
772,2012-02-12,15,27
773,2012-02-13,19,33
774,2012-02-14,31,35
775,2012-02-15,29,42
776,2012-02-16,35,41
777,2012-02-17,30,44
778,2012-02-18,30,34
779,2012-02-19,31,33
780,2012-02-20,30,40
781,2012-02-21,33,40
782,2012-02-22,31,44
783,2012-02-23,34,38
784,2012-02-24,32,33
785,2012-02-25,25,28
786,2012-02-26,26,42
787,2012-02-27,29,35
788,2012-02-28,31,39
789,2012-02-29,43,53
790,2012-03-01,32,42
791,2012-03-02,36,42
792,2012-03-03,30,33
793,2012-03-04,28,33
794,2012-03-05,26,33
795,2012-03-06,32,53
796,2012-03-07,45,59
797,2012-03-08,37,42
798,2012-03-09,28,35
799,2012-03-10,30,51
800,2012-03-11,37,62
801,2012-03-12,50,64
802,2012-03-13,44,56
803,2012-03-14,50,75
804,2012-03-15,43,61
805,2012-03-16,47,57
806,2012-03-17,50,66
807,2012-03-18,54,65
808,2012-03-19,58,66
809,2012-03-20,58,76
810,2012-03-21,57,77
811,2012-03-22,54,68
812,2012-03-23,53,64
813,2012-03-24,44,56
814,2012-03-25,48,55
815,2012-03-26,40,42
816,2012-03-27,39,63
817,2012-03-28,52,62
818,2012-03-29,42,46
819,2012-03-30,47,54
820,2012-03-31,37,41
821,2012-04-01,51,58
822,2012-04-02,46,56
823,2012-04-03,49,80
824,2012-04-04,44,49
825,2012-04-05,42,45
826,2012-04-06,39,46
827,2012-04-07,42,64
828,2012-04-08,47,61
829,2012-04-09,49,60
830,2012-04-10,35,44
831,2012-04-11,33,46
832,2012-04-12,39,54
833,2012-04-13,44,62
834,2012-04-14,52,66
835,2012-04-15,61,75
836,2012-04-16,49,60
837,2012-04-17,43,49
838,2012-04-18,45,68
839,2012-04-19,45,68
840,2012-04-20,40,58
841,2012-04-21,41,46
842,2012-04-22,43,48
843,2012-04-23,41,50
844,2012-04-24,46,55
845,2012-04-25,49,58
846,2012-04-26,44,50
847,2012-04-27,42,46
848,2012-04-28,41,43
849,2012-04-29,44,55
850,2012-04-30,54,65
851,2012-05-01,49,72
852,2012-05-02,61,81
853,2012-05-03,67,82
854,2012-05-04,50,63
855,2012-05-05,52,65
856,2012-05-06,52,72
857,2012-05-07,58,60
858,2012-05-08,51,67
859,2012-05-09,48,50
860,2012-05-10,49,59
861,2012-05-11,50,73
862,2012-05-12,52,61
863,2012-05-13,51,58
864,2012-05-14,51,66
865,2012-05-15,58,77
866,2012-05-16,50,56
867,2012-05-17,53,65
868,2012-05-18,55,75
869,2012-05-19,63,81
870,2012-05-20,64,85
871,2012-05-21,50,60
872,2012-05-22,51,64
873,2012-05-23,59,76
874,2012-05-24,62,84
875,2012-05-25,59,68
876,2012-05-26,63,79
877,2012-05-27,72,92
878,2012-05-28,74,91
879,2012-05-29,67,81
880,2012-05-30,53,62
881,2012-05-31,49,56
882,2012-06-01,54,60
883,2012-06-02,55,75
884,2012-06-03,60,81
885,2012-06-04,63,69
886,2012-06-05,61,65
887,2012-06-06,63,71
888,2012-06-07,67,76
889,2012-06-08,67,89
890,2012-06-09,71,88
891,2012-06-10,74,87
892,2012-06-11,73,83
893,2012-06-12,65,74
894,2012-06-13,61,69
895,2012-06-14,63,81
896,2012-06-15,70,89
897,2012-06-16,75,90
898,2012-06-17,74,87
899,2012-06-18,74,94
900,2012-06-19,76,92
901,2012-06-20,78,93
902,2012-06-21,77,87
903,2012-06-22,71,83
904,2012-06-23,71,87
905,2012-06-24,77,93
906,2012-06-25,64,70
907,2012-06-26,66,83
908,2012-06-27,71,92
909,2012-06-28,78,104
910,2012-06-29,77,92
911,2012-06-30,81,95
912,2012-07-01,74,89
913,2012-07-02,82,98
914,2012-07-03,84,98
915,2012-07-04,83,102
916,2012-07-05,86,104
917,2012-07-06,86,101
918,2012-07-07,80,101
919,2012-07-08,80,82
920,2012-07-09,82,87
921,2012-07-10,77,83
922,2012-07-11,78,89
923,2012-07-12,79,90
924,2012-07-13,76,95
925,2012-07-14,81,91
926,2012-07-15,77,94
927,2012-07-16,81,99
928,2012-07-17,80,101
929,2012-07-18,82,84
930,2012-07-19,82,93
931,2012-07-20,74,81
932,2012-07-21,77,96
933,2012-07-22,80,96
934,2012-07-23,84,103
935,2012-07-24,80,87
936,2012-07-25,76,103
937,2012-07-26,78,84
938,2012-07-27,78,85
939,2012-07-28,76,81
940,2012-07-29,75,89
941,2012-07-30,73,91
942,2012-07-31,77,80
943,2012-08-01,75,83
944,2012-08-02,76,97
945,2012-08-03,80,94
946,2012-08-04,77,98
947,2012-08-05,76,82
948,2012-08-06,72,90
949,2012-08-07,71,100
950,2012-08-08,75,80
951,2012-08-09,77,90
952,2012-08-10,67,74
953,2012-08-11,59,78
954,2012-08-12,67,85
955,2012-08-13,65,73
956,2012-08-14,69,82
957,2012-08-15,70,91
958,2012-08-16,70,88
959,2012-08-17,63,80
960,2012-08-18,65,80
961,2012-08-19,70,81
962,2012-08-20,72,77
963,2012-08-21,68,81
964,2012-08-22,66,86
965,2012-08-23,69,91
966,2012-08-24,72,93
967,2012-08-25,74,94
968,2012-08-26,75,84
969,2012-08-27,74,86
970,2012-08-28,76,80
971,2012-08-29,72,84
972,2012-08-30,70,94
973,2012-08-31,72,97
974,2012-09-01,71,81
975,2012-09-02,73,85
976,2012-09-03,76,82
977,2012-09-04,75,86
978,2012-09-05,70,84
979,2012-09-06,68,80
980,2012-09-07,65,78
981,2012-09-08,58,72
982,2012-09-09,57,70
983,2012-09-10,53,74
984,2012-09-11,58,80
985,2012-09-12,61,86
986,2012-09-13,64,69
987,2012-09-14,55,74
988,2012-09-15,54,75
989,2012-09-16,56,78
990,2012-09-17,59,77
991,2012-09-18,53,62
992,2012-09-19,47,73
993,2012-09-20,56,68
994,2012-09-21,53,62
995,2012-09-22,48,62
996,2012-09-23,44,60
997,2012-09-24,44,69
998,2012-09-25,55,70
999,2012-09-26,59,66
1000,2012-09-27,50,65
1001,2012-09-28,53,64
1002,2012-09-29,51,72
1003,2012-09-30,52,64
1004,2012-10-01,51,64
1005,2012-10-02,56,68
1006,2012-10-03,60,66
1007,2012-10-04,58,79
1008,2012-10-05,46,55
1009,2012-10-06,38,51
1010,2012-10-07,39,50
1011,2012-10-08,38,59
1012,2012-10-09,46,66
1013,2012-10-10,40,53
1014,2012-10-11,41,63
1015,2012-10-12,41,54
1016,2012-10-13,50,74
1017,2012-10-14,66,73
1018,2012-10-15,47,60
1019,2012-10-16,49,72
1020,2012-10-17,58,71
1021,2012-10-18,48,58
1022,2012-10-19,46,53
1023,2012-10-20,46,58
1024,2012-10-21,47,67
1025,2012-10-22,58,76
1026,2012-10-23,64,73
1027,2012-10-24,63,79
1028,2012-10-25,64,81
1029,2012-10-26,41,51
1030,2012-10-27,39,50
1031,2012-10-28,38,50
1032,2012-10-29,45,51
1033,2012-10-30,42,50
1034,2012-10-31,39,50
1035,2012-11-01,34,51
1036,2012-11-02,37,46
1037,2012-11-03,38,45
1038,2012-11-04,37,47
1039,2012-11-05,42,45
1040,2012-11-06,39,47
1041,2012-11-07,44,49
1042,2012-11-08,37,55
1043,2012-11-09,38,63
1044,2012-11-10,51,71
1045,2012-11-11,53,70
1046,2012-11-12,34,37
1047,2012-11-13,31,44
1048,2012-11-14,36,49
1049,2012-11-15,37,52
1050,2012-11-16,39,56
1051,2012-11-17,43,57
1052,2012-11-18,40,60
1053,2012-11-19,42,61
1054,2012-11-20,50,56
1055,2012-11-21,52,59
1056,2012-11-22,42,67
1057,2012-11-23,33,37
1058,2012-11-24,28,34
1059,2012-11-25,29,49
1060,2012-11-26,30,36
1061,2012-11-27,26,37
1062,2012-11-28,30,42
1063,2012-11-29,33,53
1064,2012-11-30,40,53
1065,2012-12-01,41,58
1066,2012-12-02,54,58
1067,2012-12-03,47,72
1068,2012-12-04,50,58
1069,2012-12-05,35,42
1070,2012-12-06,30,50
1071,2012-12-07,42,46
1072,2012-12-08,40,45
1073,2012-12-09,39,43
1074,2012-12-10,36,38
1075,2012-12-11,31,38
1076,2012-12-12,32,42
1077,2012-12-13,31,50
1078,2012-12-14,34,49
1079,2012-12-15,43,52
1080,2012-12-16,44,49
1081,2012-12-17,37,41
1082,2012-12-18,35,47
1083,2012-12-19,35,42
1084,2012-12-20,46,48
1085,2012-12-21,27,34
1086,2012-12-22,22,34
1087,2012-12-23,26,37
1088,2012-12-24,34,37
1089,2012-12-25,30,37
1090,2012-12-26,33,38
1091,2012-12-27,28,34
1092,2012-12-28,32,36
1093,2012-12-29,31,35
1094,2012-12-30,19,28
1095,2012-12-31,25,32
1096,2013-01-01,19,22
1097,2013-01-02,11,27
1098,2013-01-03,23,28
1099,2013-01-04,18,36
1100,2013-01-05,24,36
1101,2013-01-06,31,34
1102,2013-01-07,22,35
1103,2013-01-08,28,41
1104,2013-01-09,34,38
1105,2013-01-10,33,40
1106,2013-01-11,53,58
1107,2013-01-12,45,49
1108,2013-01-13,26,33
1109,2013-01-14,17,24
1110,2013-01-15,22,30
1111,2013-01-16,22,36
1112,2013-01-17,24,25
1113,2013-01-18,22,47
1114,2013-01-19,38,50
1115,2013-01-20,15,19
1116,2013-01-21,7,15
1117,2013-01-22,6,9
1118,2013-01-23,12,23
1119,2013-01-24,13,20
1120,2013-01-25,22,32
1121,2013-01-26,17,24
1122,2013-01-27,24,35
1123,2013-01-28,47,53
1124,2013-01-29,58,65
1125,2013-01-30,33,48
1126,2013-01-31,11,17
1127,2013-02-01,9,12
1128,2013-02-02,18,21
1129,2013-02-03,14,22
1130,2013-02-04,20,26
1131,2013-02-05,13,36
1132,2013-02-06,23,32
1133,2013-02-07,30,34
1134,2013-02-08,28,33
1135,2013-02-09,25,36
1136,2013-02-10,25,45
1137,2013-02-11,31,33
1138,2013-02-12,29,35
1139,2013-02-13,23,42
1140,2013-02-14,33,39
1141,2013-02-15,28,32
1142,2013-02-16,18,23
1143,2013-02-17,14,29
1144,2013-02-18,23,53
1145,2013-02-19,17,19
1146,2013-02-20,14,20
1147,2013-02-21,24,30
1148,2013-02-22,24,36
1149,2013-02-23,28,30
1150,2013-02-24,23,31
1151,2013-02-25,27,41
1152,2013-02-26,29,35
1153,2013-02-27,33,34
1154,2013-02-28,31,34
1155,2013-03-01,30,32
1156,2013-03-02,26,30
1157,2013-03-03,23,31
1158,2013-03-04,25,35
1159,2013-03-05,30,33
1160,2013-03-06,31,32
1161,2013-03-07,29,34
1162,2013-03-08,34,37
1163,2013-03-09,27,46
1164,2013-03-10,37,45
1165,2013-03-11,43,44
1166,2013-03-12,30,41
1167,2013-03-13,23,33
1168,2013-03-14,29,37
1169,2013-03-15,31,38
1170,2013-03-16,33,37
1171,2013-03-17,27,36
1172,2013-03-18,34,47
1173,2013-03-19,20,35
1174,2013-03-20,20,24
1175,2013-03-21,19,31
1176,2013-03-22,22,34
1177,2013-03-23,29,40
1178,2013-03-24,32,41
1179,2013-03-25,31,39
1180,2013-03-26,32,42
1181,2013-03-27,31,43
1182,2013-03-28,31,44
1183,2013-03-29,35,49
1184,2013-03-30,36,55
1185,2013-03-31,33,46
1186,2013-04-01,29,40
1187,2013-04-02,32,41
1188,2013-04-03,32,39
1189,2013-04-04,35,54
1190,2013-04-05,37,44
1191,2013-04-06,40,73
1192,2013-04-07,51,54
1193,2013-04-08,50,61
1194,2013-04-09,52,62
1195,2013-04-10,50,52
1196,2013-04-11,50,57
1197,2013-04-12,40,50
1198,2013-04-13,38,51
1199,2013-04-14,43,71
1200,2013-04-15,55,65
1201,2013-04-16,46,52
1202,2013-04-17,46,60
1203,2013-04-18,63,78
1204,2013-04-19,43,51
1205,2013-04-20,35,43
1206,2013-04-21,35,56
1207,2013-04-22,43,71
1208,2013-04-23,53,58
1209,2013-04-24,41,48
1210,2013-04-25,41,54
1211,2013-04-26,42,65
1212,2013-04-27,48,66
1213,2013-04-28,54,61
1214,2013-04-29,53,71
1215,2013-04-30,61,79
1216,2013-05-01,64,78
1217,2013-05-02,59,63
1218,2013-05-03,53,64
1219,2013-05-04,58,68
1220,2013-05-05,56,70
1221,2013-05-06,54,69
1222,2013-05-07,55,69
1223,2013-05-08,56,70
1224,2013-05-09,59,74
1225,2013-05-10,52,60
1226,2013-05-11,47,59
1227,2013-05-12,42,53
1228,2013-05-13,42,61
1229,2013-05-14,54,76
1230,2013-05-15,66,74
1231,2013-05-16,57,73
1232,2013-05-17,61,77
1233,2013-05-18,62,75
1234,2013-05-19,65,81
1235,2013-05-20,71,85
1236,2013-05-21,71,81
1237,2013-05-22,67,71
1238,2013-05-23,54,58
1239,2013-05-24,45,59
1240,2013-05-25,45,59
1241,2013-05-26,51,64
1242,2013-05-27,59,69
1243,2013-05-28,67,83
1244,2013-05-29,71,83
1245,2013-05-30,71,83
1246,2013-05-31,72,81
1247,2013-06-01,71,79
1248,2013-06-02,57,62
1249,2013-06-03,49,65
1250,2013-06-04,53,71
1251,2013-06-05,60,73
1252,2013-06-06,61,69
1253,2013-06-07,58,65
1254,2013-06-08,56,71
1255,2013-06-09,63,79
1256,2013-06-10,67,71
1257,2013-06-11,66,78
1258,2013-06-12,72,80
1259,2013-06-13,67,71
1260,2013-06-14,57,69
1261,2013-06-15,64,79
1262,2013-06-16,71,80
1263,2013-06-17,66,83
1264,2013-06-18,64,71
1265,2013-06-19,58,73
1266,2013-06-20,65,82
1267,2013-06-21,70,89
1268,2013-06-22,76,85
1269,2013-06-23,75,88
1270,2013-06-24,74,89
1271,2013-06-25,76,87
1272,2013-06-26,76,86
1273,2013-06-27,73,82
1274,2013-06-28,69,79
1275,2013-06-29,67,70
1276,2013-06-30,65,75
1277,2013-07-01,63,80
1278,2013-07-02,65,73
1279,2013-07-03,66,71
1280,2013-07-04,66,79
1281,2013-07-05,69,79
1282,2013-07-06,71,79
1283,2013-07-07,71,82
1284,2013-07-08,75,88
1285,2013-07-09,77,87
1286,2013-07-10,77,79
1287,2013-07-11,65,79
1288,2013-07-12,72,78
1289,2013-07-13,70,83
1290,2013-07-14,74,84
1291,2013-07-15,78,89
1292,2013-07-16,80,93
1293,2013-07-17,80,94
1294,2013-07-18,79,96
1295,2013-07-19,78,96
1296,2013-07-20,75,83
1297,2013-07-21,74,87
1298,2013-07-22,75,85
1299,2013-07-23,70,80
1300,2013-07-24,68,73
1301,2013-07-25,75,83
1302,2013-07-26,67,73
1303,2013-07-27,58,69
1304,2013-07-28,55,64
1305,2013-07-29,58,77
1306,2013-07-30,67,70
1307,2013-07-31,70,79
1308,2013-08-01,69,83
1309,2013-08-02,72,89
1310,2013-08-03,72,80
1311,2013-08-04,71,75
1312,2013-08-05,66,80
1313,2013-08-06,71,87
1314,2013-08-07,78,87
1315,2013-08-08,70,75
1316,2013-08-09,73,86
1317,2013-08-10,74,79
1318,2013-08-11,73,84
1319,2013-08-12,73,84
1320,2013-08-13,69,73
1321,2013-08-14,65,71
1322,2013-08-15,67,77
1323,2013-08-16,73,79
1324,2013-08-17,75,77
1325,2013-08-18,69,84
1326,2013-08-19,65,85
1327,2013-08-20,66,84
1328,2013-08-21,67,88
1329,2013-08-22,67,79
1330,2013-08-23,67,77
1331,2013-08-24,64,84
1332,2013-08-25,66,87
1333,2013-08-26,67,89
1334,2013-08-27,72,91
1335,2013-08-28,70,80
1336,2013-08-29,72,87
1337,2013-08-30,70,92
1338,2013-08-31,69,81
1339,2013-09-01,69,88
1340,2013-09-02,64,68
1341,2013-09-03,63,79
1342,2013-09-04,61,83
1343,2013-09-05,67,74
1344,2013-09-06,58,85
1345,2013-09-07,64,88
1346,2013-09-08,70,80
1347,2013-09-09,69,88
1348,2013-09-10,72,89
1349,2013-09-11,70,89
1350,2013-09-12,67,80
1351,2013-09-13,58,67
1352,2013-09-14,55,74
1353,2013-09-15,59,63
1354,2013-09-16,58,64
1355,2013-09-17,49,74
1356,2013-09-18,60,84
1357,2013-09-19,67,86
1358,2013-09-20,73,75
1359,2013-09-21,58,67
1360,2013-09-22,56,63
1361,2013-09-23,51,69
1362,2013-09-24,51,72
1363,2013-09-25,55,69
1364,2013-09-26,58,76
1365,2013-09-27,57,78
1366,2013-09-28,57,82
1367,2013-09-29,56,67
1368,2013-09-30,55,75
1369,2013-10-01,62,80
1370,2013-10-02,62,77
1371,2013-10-03,65,81
1372,2013-10-04,66,79
1373,2013-10-05,69,78
1374,2013-10-06,57,63
1375,2013-10-07,50,56
1376,2013-10-08,55,69
1377,2013-10-09,51,75
1378,2013-10-10,54,77
1379,2013-10-11,56,76
1380,2013-10-12,59,68
1381,2013-10-13,51,63
1382,2013-10-14,55,64
1383,2013-10-15,55,67
1384,2013-10-16,47,57
1385,2013-10-17,50,59
1386,2013-10-18,46,55
1387,2013-10-19,46,56
1388,2013-10-20,44,62
1389,2013-10-21,42,48
1390,2013-10-22,39,46
1391,2013-10-23,39,46
1392,2013-10-24,37,43
1393,2013-10-25,34,51
1394,2013-10-26,44,52
1395,2013-10-27,37,55
1396,2013-10-28,48,50
1397,2013-10-29,44,62
1398,2013-10-30,47,66
1399,2013-10-31,62,64
1400,2013-11-01,45,51
1401,2013-11-02,43,49
1402,2013-11-03,44,49
1403,2013-11-04,44,59
1404,2013-11-05,49,58
1405,2013-11-06,46,61
1406,2013-11-07,37,48
1407,2013-11-08,34,51
1408,2013-11-09,44,57
1409,2013-11-10,38,44
1410,2013-11-11,32,48
1411,2013-11-12,29,32
1412,2013-11-13,22,47
1413,2013-11-14,30,51
1414,2013-11-15,37,49
1415,2013-11-16,46,62
1416,2013-11-17,61,73
1417,2013-11-18,36,42
1418,2013-11-19,35,44
1419,2013-11-20,37,48
1420,2013-11-21,42,46
1421,2013-11-22,37,42
1422,2013-11-23,22,27
1423,2013-11-24,19,29
1424,2013-11-25,26,38
1425,2013-11-26,35,39
1426,2013-11-27,23,30
1427,2013-11-28,25,32
1428,2013-11-29,25,34
1429,2013-11-30,29,49
1430,2013-12-01,37,44
1431,2013-12-02,36,44
1432,2013-12-03,40,49
1433,2013-12-04,47,54
1434,2013-12-05,31,35
1435,2013-12-06,23,30
1436,2013-12-07,19,23
1437,2013-12-08,21,36
1438,2013-12-09,21,29
1439,2013-12-10,11,24
1440,2013-12-11,12,21
1441,2013-12-12,5,24
1442,2013-12-13,18,33
1443,2013-12-14,29,34
1444,2013-12-15,12,16
1445,2013-12-16,15,24
1446,2013-12-17,18,33
1447,2013-12-18,17,36
1448,2013-12-19,35,39
1449,2013-12-20,35,42
1450,2013-12-21,34,37
1451,2013-12-22,31,34
1452,2013-12-23,16,24
1453,2013-12-24,10,19
1454,2013-12-25,19,34
1455,2013-12-26,19,26
1456,2013-12-27,29,34
1457,2013-12-28,34,42
1458,2013-12-29,26,39
1459,2013-12-30,13,20
1460,2013-12-31,12,15
1461,2014-01-01,17,24
1462,2014-01-02,15,22
1463,2014-01-03,4,24
1464,2014-01-04,22,31
1465,2014-01-05,20,26
1466,2014-01-06,-11,-8
1467,2014-01-07,-2,7
1468,2014-01-08,9,17
1469,2014-01-09,14,31
1470,2014-01-10,28,46
1471,2014-01-11,31,40
1472,2014-01-12,28,42
1473,2014-01-13,31,40
1474,2014-01-14,31,41
1475,2014-01-15,17,25
1476,2014-01-16,22,40
1477,2014-01-17,9,19
1478,2014-01-18,11,24
1479,2014-01-19,15,36
1480,2014-01-20,25,32
1481,2014-01-21,13,19
1482,2014-01-22,6,24
1483,2014-01-23,3,6
1484,2014-01-24,-1,35
1485,2014-01-25,4,26
1486,2014-01-26,8,32
1487,2014-01-27,-5,-4
1488,2014-01-28,-9,9
1489,2014-01-29,6,22
1490,2014-01-30,17,30
1491,2014-01-31,11,20
1492,2014-02-01,32,38
1493,2014-02-02,13,16
1494,2014-02-03,15,22
1495,2014-02-04,17,28
1496,2014-02-05,23,26
1497,2014-02-06,-1,5
1498,2014-02-07,8,17
1499,2014-02-08,8,24
1500,2014-02-09,18,21
1501,2014-02-10,1,10
1502,2014-02-11,1,17
1503,2014-02-12,6,31
1504,2014-02-13,11,42
1505,2014-02-14,15,20
1506,2014-02-15,10,21
1507,2014-02-16,19,23
1508,2014-02-17,16,33
1509,2014-02-18,19,39
1510,2014-02-19,30,37
1511,2014-02-20,29,60
1512,2014-02-21,26,35
1513,2014-02-22,26,33
1514,2014-02-23,20,27
1515,2014-02-24,7,20
1516,2014-02-25,14,17
1517,2014-02-26,-4,12
1518,2014-02-27,1,4
1519,2014-02-28,6,24
1520,2014-03-01,20,26
1521,2014-03-02,10,19
1522,2014-03-03,8,19
1523,2014-03-04,14,31
1524,2014-03-05,15,22
1525,2014-03-06,15,34
1526,2014-03-07,20,41
1527,2014-03-08,27,33
1528,2014-03-09,14,42
1529,2014-03-10,35,46
1530,2014-03-11,33,41
1531,2014-03-12,20,29
1532,2014-03-13,11,38
1533,2014-03-14,35,51
1534,2014-03-15,27,35
1535,2014-03-16,17,20
1536,2014-03-17,12,39
1537,2014-03-18,29,52
1538,2014-03-19,35,45
1539,2014-03-20,31,40
1540,2014-03-21,32,58
1541,2014-03-22,33,36
1542,2014-03-23,22,29
1543,2014-03-24,22,40
1544,2014-03-25,24,25
1545,2014-03-26,20,38
1546,2014-03-27,29,58
1547,2014-03-28,37,40
1548,2014-03-29,31,37
1549,2014-03-30,34,46
1550,2014-03-31,34,63
1551,2014-04-01,39,49
1552,2014-04-02,35,43
1553,2014-04-03,37,42
1554,2014-04-04,38,49
1555,2014-04-05,32,40
1556,2014-04-06,34,54
1557,2014-04-07,39,46
1558,2014-04-08,36,41
1559,2014-04-09,37,53
1560,2014-04-10,42,56
1561,2014-04-11,40,56
1562,2014-04-12,44,67
1563,2014-04-13,55,63
1564,2014-04-14,32,36
1565,2014-04-15,27,32
1566,2014-04-16,32,49
1567,2014-04-17,37,51
1568,2014-04-18,38,44
1569,2014-04-19,35,58
1570,2014-04-20,44,67
1571,2014-04-21,54,67
1572,2014-04-22,38,49
1573,2014-04-23,36,44
1574,2014-04-24,40,65
1575,2014-04-25,46,54
1576,2014-04-26,40,43
1577,2014-04-27,40,52
1578,2014-04-28,44,54
1579,2014-04-29,48,62
1580,2014-04-30,43,54
1581,2014-05-01,41,48
1582,2014-05-02,41,52
1583,2014-05-03,45,54
1584,2014-05-04,43,49
1585,2014-05-05,44,51
1586,2014-05-06,42,60
1587,2014-05-07,51,70
1588,2014-05-08,57,75
1589,2014-05-09,58,71
1590,2014-05-10,49,65
1591,2014-05-11,53,71
1592,2014-05-12,60,75
1593,2014-05-13,52,63
1594,2014-05-14,43,51
1595,2014-05-15,39,47
1596,2014-05-16,38,47
1597,2014-05-17,39,54
1598,2014-05-18,43,60
1599,2014-05-19,44,67
1600,2014-05-20,55,73
1601,2014-05-21,58,69
1602,2014-05-22,47,64
1603,2014-05-23,49,58
1604,2014-05-24,50,70
1605,2014-05-25,55,75
1606,2014-05-26,56,79
1607,2014-05-27,62,76
1608,2014-05-28,53,62
1609,2014-05-29,55,62
1610,2014-05-30,55,69
1611,2014-05-31,56,76
1612,2014-06-01,58,82
1613,2014-06-02,65,75
1614,2014-06-03,58,73
1615,2014-06-04,51,62
1616,2014-06-05,49,67
1617,2014-06-06,55,71
1618,2014-06-07,58,76
1619,2014-06-08,49,62
1620,2014-06-09,54,64
1621,2014-06-10,55,65
1622,2014-06-11,52,64
1623,2014-06-12,56,78
1624,2014-06-13,48,67
1625,2014-06-14,54,70
1626,2014-06-15,53,79
1627,2014-06-16,60,76
1628,2014-06-17,64,91
1629,2014-06-18,65,78
1630,2014-06-19,55,70
1631,2014-06-20,63,78
1632,2014-06-21,56,75
1633,2014-06-22,57,67
1634,2014-06-23,62,82
1635,2014-06-24,60,76
1636,2014-06-25,53,63
1637,2014-06-26,56,67
1638,2014-06-27,61,78
1639,2014-06-28,64,82
1640,2014-06-29,64,79
1641,2014-06-30,64,85
1642,2014-07-01,64,82
1643,2014-07-02,53,65
1644,2014-07-03,56,64
1645,2014-07-04,56,67
1646,2014-07-05,59,74
1647,2014-07-06,57,85
1648,2014-07-07,65,82
1649,2014-07-08,63,80
1650,2014-07-09,55,72
1651,2014-07-10,60,74
1652,2014-07-11,58,77
1653,2014-07-12,62,78
1654,2014-07-13,64,83
1655,2014-07-14,63,76
1656,2014-07-15,54,67
1657,2014-07-16,56,69
1658,2014-07-17,63,78
1659,2014-07-18,64,77
1660,2014-07-19,65,84
1661,2014-07-20,67,83
1662,2014-07-21,66,82
1663,2014-07-22,66,88
1664,2014-07-23,64,73
1665,2014-07-24,61,73
1666,2014-07-25,58,81
1667,2014-07-26,66,83
1668,2014-07-27,71,82
1669,2014-07-28,61,68
1670,2014-07-29,59,79
1671,2014-07-30,62,78
1672,2014-07-31,62,80
1673,2014-08-01,64,81
1674,2014-08-02,69,78
1675,2014-08-03,68,83
1676,2014-08-04,68,82
1677,2014-08-05,67,77
1678,2014-08-06,66,74
1679,2014-08-07,64,78
1680,2014-08-08,64,79
1681,2014-08-09,64,77
1682,2014-08-10,67,82
1683,2014-08-11,68,79
1684,2014-08-12,58,68
1685,2014-08-13,58,80
1686,2014-08-14,66,71
1687,2014-08-15,56,80
1688,2014-08-16,63,81
1689,2014-08-17,67,76
1690,2014-08-18,66,86
1691,2014-08-19,66,85
1692,2014-08-20,67,81
1693,2014-08-21,73,84
1694,2014-08-22,74,86
1695,2014-08-23,76,83
1696,2014-08-24,73,82
1697,2014-08-25,72,90
1698,2014-08-26,74,80
1699,2014-08-27,68,76
1700,2014-08-28,66,78
1701,2014-08-29,68,84
1702,2014-08-30,69,84
1703,2014-08-31,69,85
1704,2014-09-01,72,83
1705,2014-09-02,68,84
1706,2014-09-03,66,82
1707,2014-09-04,68,89
1708,2014-09-05,73,81
1709,2014-09-06,63,71
1710,2014-09-07,63,77
1711,2014-09-08,60,80
1712,2014-09-09,61,80
1713,2014-09-10,65,80
1714,2014-09-11,52,62
1715,2014-09-12,55,62
1716,2014-09-13,48,60
1717,2014-09-14,48,70
1718,2014-09-15,54,65
1719,2014-09-16,50,69
1720,2014-09-17,52,73
1721,2014-09-18,58,70
1722,2014-09-19,54,77
1723,2014-09-20,59,80
1724,2014-09-21,58,66
1725,2014-09-22,50,67
1726,2014-09-23,55,75
1727,2014-09-24,54,75
1728,2014-09-25,59,76
1729,2014-09-26,58,76
1730,2014-09-27,60,75
1731,2014-09-28,59,76
1732,2014-09-29,62,80
1733,2014-09-30,53,58
1734,2014-10-01,51,69
1735,2014-10-02,62,76
1736,2014-10-03,44,65
1737,2014-10-04,40,47
1738,2014-10-05,39,58
1739,2014-10-06,49,61
1740,2014-10-07,51,65
1741,2014-10-08,49,62
1742,2014-10-09,48,60
1743,2014-10-10,51,58
1744,2014-10-11,49,55
1745,2014-10-12,42,65
1746,2014-10-13,57,71
1747,2014-10-14,65,69
1748,2014-10-15,55,60
1749,2014-10-16,55,64
1750,2014-10-17,55,64
1751,2014-10-18,46,53
1752,2014-10-19,42,58
1753,2014-10-20,49,59
1754,2014-10-21,49,53
1755,2014-10-22,47,56
1756,2014-10-23,42,62
1757,2014-10-24,52,65
1758,2014-10-25,55,65
1759,2014-10-26,46,66
1760,2014-10-27,53,75
1761,2014-10-28,52,59
1762,2014-10-29,44,52
1763,2014-10-30,43,55
1764,2014-10-31,37,41
1765,2014-11-01,38,42
1766,2014-11-02,35,55
1767,2014-11-03,40,61
1768,2014-11-04,49,57
1769,2014-11-05,41,58
1770,2014-11-06,44,51
1771,2014-11-07,33,48
1772,2014-11-08,37,44
1773,2014-11-09,35,53
1774,2014-11-10,43,58
1775,2014-11-11,42,54
1776,2014-11-12,28,37
1777,2014-11-13,26,33
1778,2014-11-14,24,32
1779,2014-11-15,24,34
1780,2014-11-16,31,40
1781,2014-11-17,22,24
1782,2014-11-18,16,21
1783,2014-11-19,22,33
1784,2014-11-20,20,27
1785,2014-11-21,17,31
1786,2014-11-22,37,53
1787,2014-11-23,46,56
1788,2014-11-24,34,46
1789,2014-11-25,28,33
1790,2014-11-26,24,37
1791,2014-11-27,22,28
1792,2014-11-28,16,35
1793,2014-11-29,31,48
1794,2014-11-30,40,48
1795,2014-12-01,24,31
1796,2014-12-02,25,44
1797,2014-12-03,28,35
1798,2014-12-04,28,38
1799,2014-12-05,36,42
1800,2014-12-06,36,37
1801,2014-12-07,33,41
1802,2014-12-08,37,43
1803,2014-12-09,34,37
1804,2014-12-10,34,37
1805,2014-12-11,30,38
1806,2014-12-12,31,41
1807,2014-12-13,35,45
1808,2014-12-14,42,48
1809,2014-12-15,43,47
1810,2014-12-16,38,42
1811,2014-12-17,30,35
1812,2014-12-18,27,32
1813,2014-12-19,28,35
1814,2014-12-20,30,37
1815,2014-12-21,32,41
1816,2014-12-22,34,46
1817,2014-12-23,39,44
1818,2014-12-24,38,44
1819,2014-12-25,33,42
1820,2014-12-26,37,45
1821,2014-12-27,43,49
1822,2014-12-28,30,36
1823,2014-12-29,28,33
1824,2014-12-30,19,23
1825,2014-12-31,8,24
1826,2015-01-01,19,32
1827,2015-01-02,28,34
1828,2015-01-03,33,40
1829,2015-01-04,22,38
1830,2015-01-05,6,15
1831,2015-01-06,10,16
1832,2015-01-07,1,5
1833,2015-01-08,-8,17
1834,2015-01-09,3,5
1835,2015-01-10,4,18
1836,2015-01-11,20,28
1837,2015-01-12,22,29
1838,2015-01-13,15,19
1839,2015-01-14,9,22
1840,2015-01-15,15,34
1841,2015-01-16,24,32
1842,2015-01-17,28,41
1843,2015-01-18,28,37
1844,2015-01-19,29,36
1845,2015-01-20,34,37
1846,2015-01-21,29,35
1847,2015-01-22,26,30
1848,2015-01-23,30,41
1849,2015-01-24,28,38
1850,2015-01-25,26,38
1851,2015-01-26,25,28
1852,2015-01-27,25,26
1853,2015-01-28,24,36
1854,2015-01-29,31,37
1855,2015-01-30,20,22
1856,2015-01-31,24,39
1857,2015-02-01,24,31
1858,2015-02-02,10,20
1859,2015-02-03,10,26
1860,2015-02-04,22,25
1861,2015-02-05,0,19
1862,2015-02-06,9,34
1863,2015-02-07,25,42
1864,2015-02-08,33,41
1865,2015-02-09,26,32
1866,2015-02-10,17,26
1867,2015-02-11,30,38
1868,2015-02-12,8,13
1869,2015-02-13,5,28
1870,2015-02-14,5,17
1871,2015-02-15,4,11
1872,2015-02-16,5,20
1873,2015-02-17,5,15
1874,2015-02-18,2,10
1875,2015-02-19,-4,0
1876,2015-02-20,-3,20
1877,2015-02-21,22,29
1878,2015-02-22,5,15
1879,2015-02-23,-3,11
1880,2015-02-24,3,35
1881,2015-02-25,7,16
1882,2015-02-26,17,20
1883,2015-02-27,1,17
1884,2015-02-28,1,20
1885,2015-03-01,16,29
1886,2015-03-02,10,28
1887,2015-03-03,17,46
1888,2015-03-04,9,20
1889,2015-03-05,1,17
1890,2015-03-06,2,28
1891,2015-03-07,25,41
1892,2015-03-08,27,34
1893,2015-03-09,26,43
1894,2015-03-10,37,51
1895,2015-03-11,34,44
1896,2015-03-12,31,49
1897,2015-03-13,33,55
1898,2015-03-14,39,45
1899,2015-03-15,35,58
1900,2015-03-16,45,63
1901,2015-03-17,33,38
1902,2015-03-18,34,48
1903,2015-03-19,39,47
1904,2015-03-20,39,55
1905,2015-03-21,36,43
1906,2015-03-22,31,37
1907,2015-03-23,29,35
1908,2015-03-24,26,40
1909,2015-03-25,38,47
1910,2015-03-26,34,40
1911,2015-03-27,24,26
1912,2015-03-28,26,31
1913,2015-03-29,28,42
1914,2015-03-30,34,55
1915,2015-03-31,38,48
1916,2015-04-01,41,63
1917,2015-04-02,56,62
1918,2015-04-03,39,47
1919,2015-04-04,34,56
1920,2015-04-05,42,61
1921,2015-04-06,41,58
1922,2015-04-07,39,48
1923,2015-04-08,44,53
1924,2015-04-09,50,73
1925,2015-04-10,45,60
1926,2015-04-11,38,54
1927,2015-04-12,42,65
1928,2015-04-13,51,64
1929,2015-04-14,46,55
1930,2015-04-15,43,60
1931,2015-04-16,46,60
1932,2015-04-17,50,68
1933,2015-04-18,55,61
1934,2015-04-19,46,53
1935,2015-04-20,46,55
1936,2015-04-21,41,56
1937,2015-04-22,36,51
1938,2015-04-23,34,53
1939,2015-04-24,42,56
1940,2015-04-25,41,46
1941,2015-04-26,38,43
1942,2015-04-27,37,46
1943,2015-04-28,41,55
1944,2015-04-29,43,54
1945,2015-04-30,39,47
1946,2015-05-01,42,58
1947,2015-05-02,51,67
1948,2015-05-03,53,74
1949,2015-05-04,58,62
1950,2015-05-05,49,64
1951,2015-05-06,58,74
1952,2015-05-07,62,80
1953,2015-05-08,64,76
1954,2015-05-09,52,55
1955,2015-05-10,48,63
1956,2015-05-11,65,73
1957,2015-05-12,46,57
1958,2015-05-13,43,50
1959,2015-05-14,46,67
1960,2015-05-15,58,78
1961,2015-05-16,64,76
1962,2015-05-17,61,78
1963,2015-05-18,64,77
1964,2015-05-19,48,60
1965,2015-05-20,43,50
1966,2015-05-21,44,63
1967,2015-05-22,47,58
1968,2015-05-23,52,70
1969,2015-05-24,59,73
1970,2015-05-25,63,77
1971,2015-05-26,62,79
1972,2015-05-27,56,73
1973,2015-05-28,63,77
1974,2015-05-29,62,83
1975,2015-05-30,46,68
1976,2015-05-31,49,54
1977,2015-06-01,49,58
1978,2015-06-02,51,66
1979,2015-06-03,53,74
1980,2015-06-04,60,81
1981,2015-06-05,52,56
1982,2015-06-06,54,70
1983,2015-06-07,59,83
1984,2015-06-08,66,82
1985,2015-06-09,61,79
1986,2015-06-10,68,85
1987,2015-06-11,66,77
1988,2015-06-12,58,78
1989,2015-06-13,58,66
1990,2015-06-14,67,81
1991,2015-06-15,71,80
1992,2015-06-16,58,66
1993,2015-06-17,60,76
1994,2015-06-18,70,77
1995,2015-06-19,56,68
1996,2015-06-20,63,82
1997,2015-06-21,66,80
1998,2015-06-22,67,88
1999,2015-06-23,60,75
2000,2015-06-24,64,81
2001,2015-06-25,65,77
2002,2015-06-26,62,70
2003,2015-06-27,60,71
2004,2015-06-28,65,81
2005,2015-06-29,63,73
2006,2015-06-30,67,77
2007,2015-07-01,59,68
2008,2015-07-02,62,72
2009,2015-07-03,62,72
2010,2015-07-04,65,84
2011,2015-07-05,70,85
2012,2015-07-06,69,90
2013,2015-07-07,58,64
2014,2015-07-08,63,73
2015,2015-07-09,64,71
2016,2015-07-10,70,78
2017,2015-07-11,67,85
2018,2015-07-12,71,91
2019,2015-07-13,74,91
2020,2015-07-14,68,83
2021,2015-07-15,64,72
2022,2015-07-16,64,82
2023,2015-07-17,75,86
2024,2015-07-18,75,92
2025,2015-07-19,80,89
2026,2015-07-20,70,90
2027,2015-07-21,64,80
2028,2015-07-22,69,84
2029,2015-07-23,73,83
2030,2015-07-24,75,87
2031,2015-07-25,71,83
2032,2015-07-26,74,85
2033,2015-07-27,74,87
2034,2015-07-28,73,88
2035,2015-07-29,78,87
2036,2015-07-30,68,88
2037,2015-07-31,70,91
2038,2015-08-01,69,87
2039,2015-08-02,72,90
2040,2015-08-03,72,81
2041,2015-08-04,66,83
2042,2015-08-05,75,84
2043,2015-08-06,70,82
2044,2015-08-07,68,81
2045,2015-08-08,72,83
2046,2015-08-09,73,83
2047,2015-08-10,71,84
2048,2015-08-11,70,77
2049,2015-08-12,71,77
2050,2015-08-13,68,87
2051,2015-08-14,72,89
2052,2015-08-15,79,93
2053,2015-08-16,78,91
2054,2015-08-17,72,90
2055,2015-08-18,74,82
2056,2015-08-19,72,80
2057,2015-08-20,62,70
2058,2015-08-21,64,83
2059,2015-08-22,66,84
2060,2015-08-23,67,82
2061,2015-08-24,57,75
2062,2015-08-25,59,72
2063,2015-08-26,66,73
2064,2015-08-27,68,77
2065,2015-08-28,64,79
2066,2015-08-29,70,77
2067,2015-08-30,68,83
2068,2015-08-31,65,85
2069,2015-09-01,76,89
2070,2015-09-02,75,91
2071,2015-09-03,78,85
2072,2015-09-04,74,80
2073,2015-09-05,74,91
2074,2015-09-06,76,91
2075,2015-09-07,77,89
2076,2015-09-08,76,80
2077,2015-09-09,69,76
2078,2015-09-10,66,83
2079,2015-09-11,63,70
2080,2015-09-12,60,64
2081,2015-09-13,53,69
2082,2015-09-14,55,75
2083,2015-09-15,64,80
2084,2015-09-16,59,82
2085,2015-09-17,62,86
2086,2015-09-18,69,84
2087,2015-09-19,60,68
2088,2015-09-20,61,74
2089,2015-09-21,55,75
2090,2015-09-22,56,75
2091,2015-09-23,68,75
2092,2015-09-24,61,71
2093,2015-09-25,65,73
2094,2015-09-26,64,71
2095,2015-09-27,65,75
2096,2015-09-28,65,85
2097,2015-09-29,64,68
2098,2015-09-30,58,62
2099,2015-10-01,56,60
2100,2015-10-02,56,62
2101,2015-10-03,53,57
2102,2015-10-04,55,61
2103,2015-10-05,59,64
2104,2015-10-06,60,68
2105,2015-10-07,62,66
2106,2015-10-08,56,78
2107,2015-10-09,54,57
2108,2015-10-10,58,65
2109,2015-10-11,50,77
2110,2015-10-12,54,76
2111,2015-10-13,49,64
2112,2015-10-14,49,62
2113,2015-10-15,48,67
2114,2015-10-16,46,52
2115,2015-10-17,39,49
2116,2015-10-18,42,61
2117,2015-10-19,44,68
2118,2015-10-20,51,68
2119,2015-10-21,57,73
2120,2015-10-22,55,59
2121,2015-10-23,56,64
2122,2015-10-24,62,72
2123,2015-10-25,50,62
2124,2015-10-26,52,59
2125,2015-10-27,52,60
2126,2015-10-28,50,57
2127,2015-10-29,40,51
2128,2015-10-30,48,55
2129,2015-10-31,48,51
2130,2015-11-01,48,64
2131,2015-11-02,49,69
2132,2015-11-03,50,68
2133,2015-11-04,50,71
2134,2015-11-05,60,71
2135,2015-11-06,47,55
2136,2015-11-07,44,52
2137,2015-11-08,43,55
2138,2015-11-09,44,52
2139,2015-11-10,39,58
2140,2015-11-11,43,64
2141,2015-11-12,43,48
2142,2015-11-13,39,44
2143,2015-11-14,34,55
2144,2015-11-15,40,60
2145,2015-11-16,46,57
2146,2015-11-17,51,56
2147,2015-11-18,58,62
2148,2015-11-19,41,45
2149,2015-11-20,31,46
2150,2015-11-21,33,36
2151,2015-11-22,17,29
2152,2015-11-23,28,34
2153,2015-11-24,30,36
2154,2015-11-25,34,49
2155,2015-11-26,47,52
2156,2015-11-27,38,44
2157,2015-11-28,39,42
2158,2015-11-29,39,41
2159,2015-11-30,39,46
2160,2015-12-01,39,44
2161,2015-12-02,36,39
2162,2015-12-03,31,42
2163,2015-12-04,33,47
2164,2015-12-05,27,49
2165,2015-12-06,34,44
2166,2015-12-07,35,44
2167,2015-12-08,39,51
2168,2015-12-09,42,48
2169,2015-12-10,42,57
2170,2015-12-11,40,55
2171,2015-12-12,51,57
2172,2015-12-13,55,59
2173,2015-12-14,49,55
2174,2015-12-15,41,46
2175,2015-12-16,42,55
2176,2015-12-17,31,39
2177,2015-12-18,27,31
2178,2015-12-19,23,33
2179,2015-12-20,25,48
2180,2015-12-21,41,49
2181,2015-12-22,40,46
2182,2015-12-23,44,63
2183,2015-12-24,38,44
2184,2015-12-25,40,44
2185,2015-12-26,41,45
2186,2015-12-27,37,43
2187,2015-12-28,34,38
2188,2015-12-29,30,38
2189,2015-12-30,32,34
2190,2015-12-31,27,32
2191,2016-01-01,22,29
2192,2016-01-02,25,29
2193,2016-01-03,23,30
2194,2016-01-04,26,31
2195,2016-01-05,20,33
2196,2016-01-06,26,35
2197,2016-01-07,32,38
2198,2016-01-08,37,42
2199,2016-01-09,37,40
2200,2016-01-10,12,14
2201,2016-01-11,7,23
2202,2016-01-12,9,13
2203,2016-01-13,5,23
2204,2016-01-14,29,38
2205,2016-01-15,35,39
2206,2016-01-16,23,30
2207,2016-01-17,5,9
2208,2016-01-18,1,9
2209,2016-01-19,0,16
2210,2016-01-20,15,23
2211,2016-01-21,15,27
2212,2016-01-22,25,32
2213,2016-01-23,24,29
2214,2016-01-24,19,33
2215,2016-01-25,28,36
2216,2016-01-26,28,35
2217,2016-01-27,26,31
2218,2016-01-28,31,35
2219,2016-01-29,20,31
2220,2016-01-30,34,43
2221,2016-01-31,38,45
2222,2016-02-01,30,35
2223,2016-02-02,33,42
2224,2016-02-03,36,38
2225,2016-02-04,25,31
2226,2016-02-05,25,31
2227,2016-02-06,26,40
2228,2016-02-07,36,45
2229,2016-02-08,28,34
2230,2016-02-09,19,25
2231,2016-02-10,12,18
2232,2016-02-11,13,20
2233,2016-02-12,19,25
2234,2016-02-13,6,11
2235,2016-02-14,13,26
2236,2016-02-15,25,34
2237,2016-02-16,27,34
2238,2016-02-17,26,30
2239,2016-02-18,27,38
2240,2016-02-19,43,54
2241,2016-02-20,41,50
2242,2016-02-21,36,38
2243,2016-02-22,32,39
2244,2016-02-23,32,39
2245,2016-02-24,34,37
2246,2016-02-25,32,35
2247,2016-02-26,29,35
2248,2016-02-27,31,48
2249,2016-02-28,43,55
2250,2016-02-29,35,51
2251,2016-03-01,31,34
2252,2016-03-02,20,32
2253,2016-03-03,29,35
2254,2016-03-04,31,34
2255,2016-03-05,34,40
2256,2016-03-06,31,47
2257,2016-03-07,45,54
2258,2016-03-08,52,64
2259,2016-03-09,56,62
2260,2016-03-10,45,47
2261,2016-03-11,38,49
2262,2016-03-12,43,54
2263,2016-03-13,45,47
2264,2016-03-14,41,50
2265,2016-03-15,45,56
2266,2016-03-16,48,54
2267,2016-03-17,39,50
2268,2016-03-18,36,43
2269,2016-03-19,33,38
2270,2016-03-20,34,37
2271,2016-03-21,31,46
2272,2016-03-22,43,59
2273,2016-03-23,45,47
2274,2016-03-24,41,50
2275,2016-03-25,31,42
2276,2016-03-26,34,48
2277,2016-03-27,40,56
2278,2016-03-28,39,45
2279,2016-03-29,36,51
2280,2016-03-30,43,63
2281,2016-03-31,61,63
2282,2016-04-01,39,46
2283,2016-04-02,34,43
2284,2016-04-03,31,57
2285,2016-04-04,36,40
2286,2016-04-05,31,45
2287,2016-04-06,43,52
2288,2016-04-07,38,44
2289,2016-04-08,36,43
2290,2016-04-09,28,40
2291,2016-04-10,32,48
2292,2016-04-11,44,49
2293,2016-04-12,33,43
2294,2016-04-13,38,55
2295,2016-04-14,37,54
2296,2016-04-15,41,56
2297,2016-04-16,47,65
2298,2016-04-17,49,71
2299,2016-04-18,52,75
2300,2016-04-19,54,61
2301,2016-04-20,50,63
2302,2016-04-21,57,68
2303,2016-04-22,45,47
2304,2016-04-23,43,55
2305,2016-04-24,50,73
2306,2016-04-25,59,75
2307,2016-04-26,50,50
2308,2016-04-27,44,51
2309,2016-04-28,44,45
2310,2016-04-29,45,47
2311,2016-04-30,47,50
2312,2016-05-01,44,49
2313,2016-05-02,44,52
2314,2016-05-03,48,66
2315,2016-05-04,45,47
2316,2016-05-05,44,52
2317,2016-05-06,47,74
2318,2016-05-07,52,64
2319,2016-05-08,50,66
2320,2016-05-09,54,59
2321,2016-05-10,54,61
2322,2016-05-11,54,61
2323,2016-05-12,59,73
2324,2016-05-13,52,65
2325,2016-05-14,41,51
2326,2016-05-15,40,59
2327,2016-05-16,48,66
2328,2016-05-17,46,52
2329,2016-05-18,45,56
2330,2016-05-19,49,66
2331,2016-05-20,50,61
2332,2016-05-21,51,65
2333,2016-05-22,60,68
2334,2016-05-23,54,75
2335,2016-05-24,62,80
2336,2016-05-25,67,83
2337,2016-05-26,68,81
2338,2016-05-27,70,80
2339,2016-05-28,69,80
2340,2016-05-29,68,80
2341,2016-05-30,67,81
2342,2016-05-31,67,80
2343,2016-06-01,68,77
2344,2016-06-02,66,75
2345,2016-06-03,70,73
2346,2016-06-04,68,77
2347,2016-06-05,64,78
2348,2016-06-06,64,79
2349,2016-06-07,59,67
2350,2016-06-08,61,73
2351,2016-06-09,60,77
2352,2016-06-10,72,91
2353,2016-06-11,77,93
2354,2016-06-12,64,67
2355,2016-06-13,64,88
2356,2016-06-14,69,82
2357,2016-06-15,71,90
2358,2016-06-16,70,72
2359,2016-06-17,67,75
2360,2016-06-18,68,83
2361,2016-06-19,70,89
2362,2016-06-20,75,91
2363,2016-06-21,69,86
2364,2016-06-22,75,78
2365,2016-06-23,67,72
2366,2016-06-24,66,77
2367,2016-06-25,70,87
2368,2016-06-26,77,89
2369,2016-06-27,75,92
2370,2016-06-28,63,67
2371,2016-06-29,65,81
2372,2016-06-30,69,82
2373,2016-07-01,63,70
2374,2016-07-02,67,77
2375,2016-07-03,68,75
2376,2016-07-04,69,76
2377,2016-07-05,73,90
2378,2016-07-06,76,90
2379,2016-07-07,78,88
2380,2016-07-08,74,90
2381,2016-07-09,71,78
2382,2016-07-10,72,81
2383,2016-07-11,75,92
2384,2016-07-12,75,90
2385,2016-07-13,77,86
2386,2016-07-14,76,89
2387,2016-07-15,70,77
2388,2016-07-16,70,81
2389,2016-07-17,68,88
2390,2016-07-18,78,84
2391,2016-07-19,72,86
2392,2016-07-20,76,83
2393,2016-07-21,79,92
2394,2016-07-22,83,88
2395,2016-07-23,76,89
2396,2016-07-24,79,95
2397,2016-07-25,78,83
2398,2016-07-26,73,86
2399,2016-07-27,70,83
2400,2016-07-28,75,78
2401,2016-07-29,74,77
2402,2016-07-30,67,78
2403,2016-07-31,67,76
2404,2016-08-01,68,85
2405,2016-08-02,74,86
2406,2016-08-03,72,83
2407,2016-08-04,72,86
2408,2016-08-05,77,80
2409,2016-08-06,70,78
2410,2016-08-07,70,80
2411,2016-08-08,76,82
2412,2016-08-09,73,79
2413,2016-08-10,74,82
2414,2016-08-11,81,86
2415,2016-08-12,77,81
2416,2016-08-13,76,80
2417,2016-08-14,74,83
2418,2016-08-15,72,79
2419,2016-08-16,74,77
2420,2016-08-17,76,81
2421,2016-08-18,74,79
2422,2016-08-19,77,88
2423,2016-08-20,76,78
2424,2016-08-21,61,76
2425,2016-08-22,65,81
2426,2016-08-23,65,84
2427,2016-08-24,70,85
2428,2016-08-25,74,83
2429,2016-08-26,70,79
2430,2016-08-27,70,83
2431,2016-08-28,71,80
2432,2016-08-29,74,80
2433,2016-08-30,70,82
2434,2016-08-31,70,76
2435,2016-09-01,63,73
2436,2016-09-02,67,74
2437,2016-09-03,60,76
2438,2016-09-04,65,81
2439,2016-09-05,68,87
2440,2016-09-06,74,91
2441,2016-09-07,76,92
2442,2016-09-08,76,85
2443,2016-09-09,72,79
2444,2016-09-10,68,75
2445,2016-09-11,60,77
2446,2016-09-12,62,81
2447,2016-09-13,67,83
2448,2016-09-14,65,74
2449,2016-09-15,65,77
2450,2016-09-16,65,76
2451,2016-09-17,69,85
2452,2016-09-18,67,77
2453,2016-09-19,65,85
2454,2016-09-20,65,78
2455,2016-09-21,70,86
2456,2016-09-22,73,89
2457,2016-09-23,72,79
2458,2016-09-24,67,73
2459,2016-09-25,64,84
2460,2016-09-26,60,69
2461,2016-09-27,52,69
2462,2016-09-28,50,60
2463,2016-09-29,65,68
2464,2016-09-30,63,65
2465,2016-10-01,62,66
2466,2016-10-02,59,68
2467,2016-10-03,60,67
2468,2016-10-04,58,73
2469,2016-10-05,65,81
2470,2016-10-06,63,80
2471,2016-10-07,62,71
2472,2016-10-08,47,62
2473,2016-10-09,53,65
2474,2016-10-10,51,71
2475,2016-10-11,57,74
2476,2016-10-12,59,69
2477,2016-10-13,47,57
2478,2016-10-14,49,66
2479,2016-10-15,56,73
2480,2016-10-16,65,73
2481,2016-10-17,64,79
2482,2016-10-18,67,71
2483,2016-10-19,52,63
2484,2016-10-20,52,60
2485,2016-10-21,47,53
2486,2016-10-22,43,60
2487,2016-10-23,43,66
2488,2016-10-24,50,56
2489,2016-10-25,41,56
2490,2016-10-26,47,50
2491,2016-10-27,47,51
2492,2016-10-28,44,65
2493,2016-10-29,61,72
2494,2016-10-30,53,58
2495,2016-10-31,46,62
2496,2016-11-01,60,73
2497,2016-11-02,58,63
2498,2016-11-03,53,65
2499,2016-11-04,52,62
2500,2016-11-05,47,66
2501,2016-11-06,49,67
2502,2016-11-07,51,68
2503,2016-11-08,52,60
2504,2016-11-09,49,55
2505,2016-11-10,40,64
2506,2016-11-11,48,56
2507,2016-11-12,47,51
2508,2016-11-13,35,57
2509,2016-11-14,37,62
2510,2016-11-15,46,54
2511,2016-11-16,47,54
2512,2016-11-17,47,69
2513,2016-11-18,57,66
2514,2016-11-19,33,42
2515,2016-11-20,29,36
2516,2016-11-21,33,38
2517,2016-11-22,39,43
2518,2016-11-23,38,44
2519,2016-11-24,37,46
2520,2016-11-25,39,44
2521,2016-11-26,39,43
2522,2016-11-27,32,49
2523,2016-11-28,44,50
2524,2016-11-29,47,52
2525,2016-11-30,35,44
2526,2016-12-01,37,42
2527,2016-12-02,36,42
2528,2016-12-03,32,38
2529,2016-12-04,34,37
2530,2016-12-05,33,37
2531,2016-12-06,33,38
2532,2016-12-07,27,33
2533,2016-12-08,23,26
2534,2016-12-09,22,24
2535,2016-12-10,21,25
2536,2016-12-11,27,35
2537,2016-12-12,21,25
2538,2016-12-13,15,28
2539,2016-12-14,9,22
2540,2016-12-15,2,8
2541,2016-12-16,12,30
2542,2016-12-17,25,27
2543,2016-12-18,4,15
2544,2016-12-19,-8,15
2545,2016-12-20,11,30
2546,2016-12-21,11,39
2547,2016-12-22,26,33
2548,2016-12-23,31,38
2549,2016-12-24,32,35
2550,2016-12-25,33,37
2551,2016-12-26,52,57
2552,2016-12-27,28,33
2553,2016-12-28,25,45
2554,2016-12-29,29,36
2555,2016-12-30,28,31
2556,2016-12-31,30,36
2557,2017-01-01,25,36
2558,2017-01-02,36,40
2559,2017-01-03,33,41
2560,2017-01-04,14,19
2561,2017-01-05,12,16
2562,2017-01-06,6,11
2563,2017-01-07,3,12
2564,2017-01-08,3,17
2565,2017-01-09,12,32
2566,2017-01-10,31,47
2567,2017-01-11,21,43
2568,2017-01-12,25,33
2569,2017-01-13,18,24
2570,2017-01-14,25,32
2571,2017-01-15,28,36
2572,2017-01-16,34,38
2573,2017-01-17,37,42
2574,2017-01-18,34,37
2575,2017-01-19,33,42
2576,2017-01-20,39,44
2577,2017-01-21,44,50
2578,2017-01-22,36,41
2579,2017-01-23,40,42
2580,2017-01-24,36,41
2581,2017-01-25,36,42
2582,2017-01-26,34,37
2583,2017-01-27,28,33
2584,2017-01-28,27,32
2585,2017-01-29,24,28
2586,2017-01-30,16,29
2587,2017-01-31,32,36
2588,2017-02-01,30,37
2589,2017-02-02,18,26
2590,2017-02-03,18,26
2591,2017-02-04,15,35
2592,2017-02-05,26,35
2593,2017-02-06,24,51
2594,2017-02-07,38,59
2595,2017-02-08,29,30
2596,2017-02-09,17,23
2597,2017-02-10,17,43
2598,2017-02-11,35,40
2599,2017-02-12,35,40
2600,2017-02-13,27,46
2601,2017-02-14,28,50
2602,2017-02-15,28,34
2603,2017-02-16,28,42
2604,2017-02-17,33,57
2605,2017-02-18,41,60
2606,2017-02-19,46,55
2607,2017-02-20,40,59
2608,2017-02-21,51,62
2609,2017-02-22,52,59
2610,2017-02-23,38,48
2611,2017-02-24,38,55
2612,2017-02-25,27,32
2613,2017-02-26,26,45
2614,2017-02-27,32,46
2615,2017-02-28,40,56
2616,2017-03-01,40,54
2617,2017-03-02,31,34
2618,2017-03-03,25,32
2619,2017-03-04,30,39
2620,2017-03-05,27,53
2621,2017-03-06,48,56
2622,2017-03-07,45,53
2623,2017-03-08,37,48
2624,2017-03-09,33,40
2625,2017-03-10,26,28
2626,2017-03-11,20,26
2627,2017-03-12,21,35
2628,2017-03-13,28,33
2629,2017-03-14,23,29
2630,2017-03-15,21,28
2631,2017-03-16,19,33
2632,2017-03-17,34,40
2633,2017-03-18,35,40
2634,2017-03-19,37,45
2635,2017-03-20,41,50
2636,2017-03-21,40,46
2637,2017-03-22,28,33
2638,2017-03-23,28,47
2639,2017-03-24,44,66
2640,2017-03-25,40,58
2641,2017-03-26,49,60
2642,2017-03-27,45,48
2643,2017-03-28,38,45
2644,2017-03-29,38,47
2645,2017-03-30,40,43
2646,2017-03-31,38,38
2647,2017-04-01,36,47
2648,2017-04-02,40,54
2649,2017-04-03,45,45
2650,2017-04-04,45,50
2651,2017-04-05,40,45
2652,2017-04-06,41,45
2653,2017-04-07,36,50
2654,2017-04-08,32,63
2655,2017-04-09,56,72
2656,2017-04-10,63,72
2657,2017-04-11,45,52
2658,2017-04-12,40,56
2659,2017-04-13,45,58
2660,2017-04-14,45,59
2661,2017-04-15,63,79
2662,2017-04-16,59,70
2663,2017-04-17,43,68
2664,2017-04-18,49,72
2665,2017-04-19,52,61
2666,2017-04-20,58,70
2667,2017-04-21,43,49
2668,2017-04-22,43,50
2669,2017-04-23,41,59
2670,2017-04-24,41,61
2671,2017-04-25,54,68
2672,2017-04-26,61,76
2673,2017-04-27,47,54
2674,2017-04-28,47,59
2675,2017-04-29,41,47
2676,2017-04-30,45,50
2677,2017-05-01,50,54
2678,2017-05-02,45,49
2679,2017-05-03,38,52
2680,2017-05-04,43,52
2681,2017-05-05,43,52
2682,2017-05-06,41,52
2683,2017-05-07,41,54
2684,2017-05-08,43,47
2685,2017-05-09,41,47
2686,2017-05-10,49,58
2687,2017-05-11,49,52
2688,2017-05-12,45,59
2689,2017-05-13,47,74
2690,2017-05-14,52,63
2691,2017-05-15,52,68
2692,2017-05-16,65,83
2693,2017-05-17,70,83
2694,2017-05-18,68,79
2695,2017-05-19,45,54
2696,2017-05-20,52,65
2697,2017-05-21,58,63
2698,2017-05-22,50,72
2699,2017-05-23,59,61
2700,2017-05-24,50,52
2701,2017-05-25,50,59
2702,2017-05-26,52,61
2703,2017-05-27,54,65
2704,2017-05-28,59,65
2705,2017-05-29,63,72
2706,2017-05-30,54,68
2707,2017-05-31,56,70
2708,2017-06-01,56,72
2709,2017-06-02,59,76
2710,2017-06-03,65,86
2711,2017-06-04,68,85
2712,2017-06-05,59,65
2713,2017-06-06,54,65
2714,2017-06-07,58,67
2715,2017-06-08,59,74
2716,2017-06-09,68,81
2717,2017-06-10,70,86
2718,2017-06-11,72,90
2719,2017-06-12,77,90
2720,2017-06-13,76,81
2721,2017-06-14,76,88
2722,2017-06-15,70,86
2723,2017-06-16,72,81
2724,2017-06-17,72,85
2725,2017-06-18,70,77
2726,2017-06-19,67,76
2727,2017-06-20,65,74
2728,2017-06-21,61,72
2729,2017-06-22,72,83
2730,2017-06-23,70,79
2731,2017-06-24,63,72
2732,2017-06-25,58,70
2733,2017-06-26,59,70
2734,2017-06-27,56,72
2735,2017-06-28,65,74
2736,2017-06-29,72,79
2737,2017-06-30,72,76
2738,2017-07-01,66,78
2739,2017-07-02,64,84
2740,2017-07-03,69,77
2741,2017-07-04,70,79
2742,2017-07-05,69,84
2743,2017-07-06,76,88
2744,2017-07-07,73,84
2745,2017-07-08,67,76
2746,2017-07-09,65,86
2747,2017-07-10,70,82
2748,2017-07-11,74,84
2749,2017-07-12,72,87
2750,2017-07-13,76,83
2751,2017-07-14,66,76
2752,2017-07-15,65,82
2753,2017-07-16,68,74
2754,2017-07-17,65,79
2755,2017-07-18,74,86
2756,2017-07-19,73,83
2757,2017-07-20,81,91
2758,2017-07-21,80,91
2759,2017-07-22,80,94
2760,2017-07-23,80,92
2761,2017-07-24,70,78
2762,2017-07-25,72,82
2763,2017-07-26,72,91
2764,2017-07-27,80,85
2765,2017-07-28,76,81
2766,2017-07-29,72,80
2767,2017-07-30,76,84
2768,2017-07-31,76,88
2769,2017-08-01,76,86
2770,2017-08-02,76,87
2771,2017-08-03,76,83
2772,2017-08-04,58,64
2773,2017-08-05,66,80
2774,2017-08-06,68,73
2775,2017-08-07,70,76
2776,2017-08-08,68,84
2777,2017-08-09,73,84
2778,2017-08-10,71,82
2779,2017-08-11,72,77
2780,2017-08-12,67,75
2781,2017-08-13,66,82
2782,2017-08-14,70,86
2783,2017-08-15,73,77
2784,2017-08-16,73,85
2785,2017-08-17,74,86
2786,2017-08-18,69,82
2787,2017-08-19,70,86
2788,2017-08-20,73,87
2789,2017-08-21,79,85
2790,2017-08-22,71,80
2791,2017-08-23,64,80
2792,2017-08-24,69,74
2793,2017-08-25,69,73
2794,2017-08-26,65,79
2795,2017-08-27,64,76
2796,2017-08-28,66,79
2797,2017-08-29,71,78
2798,2017-08-30,67,81
2799,2017-08-31,68,72
2800,2017-09-01,60,66
2801,2017-09-02,64,70
2802,2017-09-03,63,82
2803,2017-09-04,65,83
2804,2017-09-05,56,67
2805,2017-09-06,53,62
2806,2017-09-07,53,64
2807,2017-09-08,61,62
2808,2017-09-09,58,66
2809,2017-09-10,55,65
2810,2017-09-11,56,65
2811,2017-09-12,61,67
2812,2017-09-13,61,66
2813,2017-09-14,64,73
2814,2017-09-15,63,77
2815,2017-09-16,65,80
2816,2017-09-17,70,78
2817,2017-09-18,63,68
2818,2017-09-19,65,69
2819,2017-09-20,67,82
2820,2017-09-21,72,86
2821,2017-09-22,73,86
2822,2017-09-23,73,84
2823,2017-09-24,71,84
2824,2017-09-25,71,85
2825,2017-09-26,70,84
2826,2017-09-27,62,66
2827,2017-09-28,58,71
2828,2017-09-29,59,63
2829,2017-09-30,58,60
2830,2017-10-01,52,67
2831,2017-10-02,60,74
2832,2017-10-03,64,76
2833,2017-10-04,66,69
2834,2017-10-05,60,71
2835,2017-10-06,64,69
2836,2017-10-07,67,74
2837,2017-10-08,55,71
2838,2017-10-09,62,76
2839,2017-10-10,59,62
2840,2017-10-11,55,58
2841,2017-10-12,55,56
2842,2017-10-13,53,59
2843,2017-10-14,61,66
2844,2017-10-15,49,62
2845,2017-10-16,44,57
2846,2017-10-17,46,63
2847,2017-10-18,47,63
2848,2017-10-19,49,67
2849,2017-10-20,53,70
2850,2017-10-21,58,70
2851,2017-10-22,60,64
2852,2017-10-23,53,55
2853,2017-10-24,43,45
2854,2017-10-25,36,46
2855,2017-10-26,40,53
2856,2017-10-27,38,40
2857,2017-10-28,36,38
2858,2017-10-29,31,41
2859,2017-10-30,40,46
2860,2017-10-31,30,38
2861,2017-11-01,35,42
2862,2017-11-02,45,48
2863,2017-11-03,41,45
2864,2017-11-04,43,46
2865,2017-11-05,49,50
2866,2017-11-06,33,38
2867,2017-11-07,42,43
2868,2017-11-08,32,42
2869,2017-11-09,36,38
2870,2017-11-10,27,30
2871,2017-11-11,27,34
2872,2017-11-12,38,41
2873,2017-11-13,34,41
2874,2017-11-14,33,42
2875,2017-11-15,41,48
2876,2017-11-16,29,36
2877,2017-11-17,34,41
2878,2017-11-18,38,44
2879,2017-11-19,27,33
2880,2017-11-20,30,46
2881,2017-11-21,33,39
2882,2017-11-22,26,32
2883,2017-11-23,30,38
2884,2017-11-24,33,49
2885,2017-11-25,40,42
2886,2017-11-26,30,42
2887,2017-11-27,32,45
2888,2017-11-28,44,48
2889,2017-11-29,36,42
2890,2017-11-30,39,46
2891,2017-12-01,31,42
2892,2017-12-02,36,47
2893,2017-12-03,31,41
2894,2017-12-04,45,55
2895,2017-12-05,30,37
2896,2017-12-06,30,33
2897,2017-12-07,23,25
2898,2017-12-08,20,31
2899,2017-12-09,27,30
2900,2017-12-10,24,31
2901,2017-12-11,26,35
2902,2017-12-12,19,22
2903,2017-12-13,23,32
2904,2017-12-14,20,24
2905,2017-12-15,22,30
2906,2017-12-16,31,42
2907,2017-12-17,33,34
2908,2017-12-18,38,38
2909,2017-12-19,34,40
2910,2017-12-20,29,31
2911,2017-12-21,31,35
2912,2017-12-22,35,35
2913,2017-12-23,28,29
2914,2017-12-24,21,23
2915,2017-12-25,16,18
2916,2017-12-26,3,10
2917,2017-12-27,1,9
2918,2017-12-28,8,15
2919,2017-12-29,9,14
2920,2017-12-30,1,5
2921,2017-12-31,2,11
2922,2018-01-01,-7,11
2923,2018-01-02,-7,13
2924,2018-01-03,7,18
2925,2018-01-04,0,11
2926,2018-01-05,-2,7
2927,2018-01-06,-2,14
2928,2018-01-07,20,27
2929,2018-01-08,27,36
2930,2018-01-09,18,36
2931,2018-01-10,34,47
2932,2018-01-11,43,52
2933,2018-01-12,25,27
2934,2018-01-13,9,20
2935,2018-01-14,5,20
2936,2018-01-15,14,23
2937,2018-01-16,9,20
2938,2018-01-17,7,20
2939,2018-01-18,14,32
2940,2018-01-19,27,38
2941,2018-01-20,29,41
2942,2018-01-21,40,41
2943,2018-01-22,43,50
2944,2018-01-23,27,32
2945,2018-01-24,20,32
2946,2018-01-25,25,41
2947,2018-01-26,36,47
2948,2018-01-27,40,45
2949,2018-01-28,27,34
2950,2018-01-29,23,27
2951,2018-01-30,18,29
2952,2018-01-31,34,41
2953,2018-02-01,23,25
2954,2018-02-02,11,20
2955,2018-02-03,22,32
2956,2018-02-04,25,29
2957,2018-02-05,5,23
2958,2018-02-06,7,27
2959,2018-02-07,20,23
2960,2018-02-08,5,27
2961,2018-02-09,22,27
2962,2018-02-10,20,25
2963,2018-02-11,16,20
2964,2018-02-12,2,22
2965,2018-02-13,16,32
2966,2018-02-14,27,40
2967,2018-02-15,31,40
2968,2018-02-16,23,25
2969,2018-02-17,18,31
2970,2018-02-18,20,41
2971,2018-02-19,38,52
2972,2018-02-20,50,58
2973,2018-02-21,27,32
2974,2018-02-22,31,36
2975,2018-02-23,40,43
2976,2018-02-24,34,40
2977,2018-02-25,31,41
2978,2018-02-26,29,50
2979,2018-02-27,32,56
2980,2018-02-28,41,50
2981,2018-03-01,36,40
2982,2018-03-02,34,40
2983,2018-03-03,34,40
2984,2018-03-04,36,45
2985,2018-03-05,40,43
2986,2018-03-06,34,43
2987,2018-03-07,25,32
2988,2018-03-08,29,38
2989,2018-03-09,32,40
2990,2018-03-10,27,40
2991,2018-03-11,34,40
2992,2018-03-12,34,38
2993,2018-03-13,31,40
2994,2018-03-14,29,43
2995,2018-03-15,34,43
2996,2018-03-16,27,38
2997,2018-03-17,34,38
2998,2018-03-18,29,47
2999,2018-03-19,32,38
3000,2018-03-20,27,36
3001,2018-03-21,27,41
3002,2018-03-22,27,38
3003,2018-03-23,29,41
3004,2018-03-24,38,41
3005,2018-03-25,29,38
3006,2018-03-26,32,45
3007,2018-03-27,50,52
3008,2018-03-28,38,47
3009,2018-03-29,36,45
3010,2018-03-30,32,41
3011,2018-03-31,38,50
3012,2018-04-01,29,38
3013,2018-04-02,25,43
3014,2018-04-03,38,43
3015,2018-04-04,27,34
3016,2018-04-05,23,38
3017,2018-04-06,32,36
3018,2018-04-07,25,34
3019,2018-04-08,27,41
3020,2018-04-09,32,40
3021,2018-04-10,29,41
3022,2018-04-11,29,58
3023,2018-04-12,54,68
3024,2018-04-13,43,54
3025,2018-04-14,38,40
3026,2018-04-15,34,38
3027,2018-04-16,31,34
3028,2018-04-17,27,38
3029,2018-04-18,34,40
3030,2018-04-19,36,43
3031,2018-04-20,36,47
3032,2018-04-21,36,45
3033,2018-04-22,38,50
3034,2018-04-23,43,47
3035,2018-04-24,45,49
3036,2018-04-25,38,43
3037,2018-04-26,36,56
3038,2018-04-27,41,52
3039,2018-04-28,36,43
3040,2018-04-29,36,49
3041,2018-04-30,45,70
3042,2018-05-01,59,79
3043,2018-05-02,68,79
3044,2018-05-03,54,65
3045,2018-05-04,54,72
3046,2018-05-05,50,77
3047,2018-05-06,50,59
3048,2018-05-07,47,54
3049,2018-05-08,47,63
3050,2018-05-09,59,79
3051,2018-05-10,54,61
3052,2018-05-11,47,52
3053,2018-05-12,47,54
3054,2018-05-13,50,54
3055,2018-05-14,52,77
3056,2018-05-15,54,63
3057,2018-05-16,50,65
3058,2018-05-17,56,59
3059,2018-05-18,58,59
3060,2018-05-19,54,63
3061,2018-05-20,43,47
3062,2018-05-21,54,56
3063,2018-05-22,50,56
3064,2018-05-23,52,63
3065,2018-05-24,54,70
3066,2018-05-25,61,85
3067,2018-05-26,63,81
3068,2018-05-27,67,90
3069,2018-05-28,77,85
3070,2018-05-29,61,70
3071,2018-05-30,61,70
3072,2018-05-31,72,88
3073,2018-06-01,56,63
3074,2018-06-02,56,65
3075,2018-06-03,59,74
3076,2018-06-04,61,77
3077,2018-06-05,54,61
3078,2018-06-06,54,67
3079,2018-06-07,61,68
3080,2018-06-08,59,65
3081,2018-06-09,58,65
3082,2018-06-10,63,65
3083,2018-06-11,61,68
3084,2018-06-12,63,70
3085,2018-06-13,63,77
3086,2018-06-14,63,74
3087,2018-06-15,67,76
3088,2018-06-16,68,92
3089,2018-06-17,70,94
3090,2018-06-18,81,92
3091,2018-06-19,63,68
3092,2018-06-20,63,67
3093,2018-06-21,65,70
3094,2018-06-22,59,65
3095,2018-06-23,61,72
3096,2018-06-24,63,70
3097,2018-06-25,68,70
3098,2018-06-26,70,74
3099,2018-06-27,72,77
3100,2018-06-28,68,79
3101,2018-06-29,74,86
3102,2018-06-30,74,92
3103,2018-07-01,77,92
3104,2018-07-02,68,74
3105,2018-07-03,68,79
3106,2018-07-04,74,83
3107,2018-07-05,76,83
3108,2018-07-06,68,70
3109,2018-07-07,65,76
3110,2018-07-08,65,77
3111,2018-07-09,68,90
3112,2018-07-10,70,76
3113,2018-07-11,70,77
3114,2018-07-12,68,88
3115,2018-07-13,74,90
3116,2018-07-14,72,79
3117,2018-07-15,72,83
3118,2018-07-16,74,81
3119,2018-07-17,72,74
3120,2018-07-18,67,74
3121,2018-07-19,67,81
3122,2018-07-20,68,77
3123,2018-07-21,68,77
3124,2018-07-22,68,74
3125,2018-07-23,67,77
3126,2018-07-24,70,79
3127,2018-07-25,70,79
3128,2018-07-26,68,77
3129,2018-07-27,67,76
3130,2018-07-28,67,76
3131,2018-07-29,67,74
3132,2018-07-30,67,76
3133,2018-07-31,67,76
3134,2018-08-01,67,74
3135,2018-08-02,62,71
3136,2018-08-03,64,71
3137,2018-08-04,63,77
3138,2018-08-05,67,81
3139,2018-08-06,70,86
3140,2018-08-07,72,77
3141,2018-08-08,67,77
3142,2018-08-09,67,86
3143,2018-08-10,68,81
3144,2018-08-11,67,79
3145,2018-08-12,68,79
3146,2018-08-13,67,79
3147,2018-08-14,70,86
3148,2018-08-15,70,83
3149,2018-08-16,67,77
3150,2018-08-17,67,77
3151,2018-08-18,68,77
3152,2018-08-19,67,77
3153,2018-08-20,68,77
3154,2018-08-21,67,76
3155,2018-08-22,63,74
3156,2018-08-23,61,76
3157,2018-08-24,63,72
3158,2018-08-25,65,83
3159,2018-08-26,73,83
3160,2018-08-27,76,90
3161,2018-08-28,76,90
3162,2018-08-29,67,74
3163,2018-08-30,68,74
3164,2018-08-31,70,81
3165,2018-09-01,68,81
3166,2018-09-02,70,86
3167,2018-09-03,72,85
3168,2018-09-04,74,88
3169,2018-09-05,76,83
3170,2018-09-06,68,70
3171,2018-09-07,67,70
3172,2018-09-08,65,68
3173,2018-09-09,65,68
3174,2018-09-10,58,76
3175,2018-09-11,58,74
3176,2018-09-12,59,76
3177,2018-09-13,59,77
3178,2018-09-14,63,76
3179,2018-09-15,65,77
3180,2018-09-16,67,77
3181,2018-09-17,65,74
3182,2018-09-18,67,72
3183,2018-09-19,65,72
3184,2018-09-20,63,86
3185,2018-09-21,67,77
3186,2018-09-22,56,67
3187,2018-09-23,54,68
3188,2018-09-24,58,72
3189,2018-09-25,63,70
3190,2018-09-26,50,65
3191,2018-09-27,49,67
3192,2018-09-28,54,59
3193,2018-09-29,43,59
3194,2018-09-30,58,65
3195,2018-10-01,61,77
3196,2018-10-02,61,67
3197,2018-10-03,61,81
3198,2018-10-04,63,67
3199,2018-10-05,56,68
3200,2018-10-06,61,70
3201,2018-10-07,59,63
3202,2018-10-08,63,81
3203,2018-10-09,65,83
3204,2018-10-10,63,72
3205,2018-10-11,43,56
3206,2018-10-12,40,49
3207,2018-10-13,34,49
3208,2018-10-14,40,54
3209,2018-10-15,36,47
3210,2018-10-16,34,50
3211,2018-10-17,40,49
3212,2018-10-18,36,52
3213,2018-10-19,43,50
3214,2018-10-20,43,50
3215,2018-10-21,31,45
3216,2018-10-22,38,59
3217,2018-10-23,40,49
3218,2018-10-24,38,49
3219,2018-10-25,38,50
3220,2018-10-26,40,50
3221,2018-10-27,41,50
3222,2018-10-28,41,50
3223,2018-10-29,40,49
3224,2018-10-30,45,63
3225,2018-10-31,49,54
3226,2018-11-01,47,50
3227,2018-11-02,41,45
3228,2018-11-03,36,52
3229,2018-11-04,45,56
3230,2018-11-05,43,50
3231,2018-11-06,47,47
3232,2018-11-07,32,43
3233,2018-11-08,32,38
3234,2018-11-09,31,34
3235,2018-11-10,23,34
3236,2018-11-11,29,40
3237,2018-11-12,27,36
3238,2018-11-13,22,32
3239,2018-11-14,20,29
3240,2018-11-15,27,36
3241,2018-11-16,29,38
3242,2018-11-17,32,34
3243,2018-11-18,23,34
3244,2018-11-19,25,36
3245,2018-11-20,27,34
3246,2018-11-21,29,40
3247,2018-11-22,27,38
3248,2018-11-23,34,49
3249,2018-11-24,40,45
3250,2018-11-25,38,43
3251,2018-11-26,31,31
3252,2018-11-27,22,31
3253,2018-11-28,16,25
3254,2018-11-29,20,32
3255,2018-11-30,27,40
